file_path,metadata_authors,proposed_author,author_source,metadata_series,proposed_series,series_source,book_title,metadata_genre
C:\Users\dmitriy.murov\Downloads\TriblerDownloads\Test1\Серия - «Военная фантастика»\Achtung! Manager in der Luft! (Комбат Найтов).fb2,Комбат Найтов,Комбат Найтов,filename,,,,Achtung! Manager in der Luft!,sf_action
"C:\Users\dmitriy.murov\Downloads\TriblerDownloads\Test1\Серия - «Военная фантастика»\Активная разведка (Сезин Сергей, Черкунова Ольга).fb2",Сергей Сезин; Ольга Черкунова,"Сезин Сергей, Черкунова Ольга",filename,,,,Активная разведка,sf_action
C:\Users\dmitriy.murov\Downloads\TriblerDownloads\Test1\Серия - «Военная фантастика»\Александр II Великий (Старец Виктор).fb2,Виктор Старицын,Старицын Виктор,filename_cons,,,,Александр II Великий,popadancy
C:\Users\dmitriy.murov\Downloads\TriblerDownloads\Test1\Серия - «Военная фантастика»\Амурский вальс (Комбат Найтов).fb2,Комбат Найтов,Комбат Найтов,filename,,,,Амурский вальс,sf_history
C:\Users\dmitriy.murov\Downloads\TriblerDownloads\Test1\Серия - «Военная фантастика»\Антиблокада (Комбат Найтов).fb2,Комбат Найтов,Комбат Найтов,filename,,,,Антиблокада,sf_history
C:\Users\dmitriy.murov\Downloads\TriblerDownloads\Test1\Серия - «Военная фантастика»\Ас Третьего рейха (Валентин Егоров).fb2,Валентин Егоров,Егоров Валентин,filename,,,,Ас Третьего рейха,sf_action
C:\Users\dmitriy.murov\Downloads\TriblerDownloads\Test1\Серия - «Военная фантастика»\Аэропланы над Мукденом (Анатолий Матвиенко).fb2,Анатолий Матвиенко,Матвиенко Анатолий,filename,,,,Аэропланы над Мукденом,sf_history
C:\Users\dmitriy.murov\Downloads\TriblerDownloads\Test1\Серия - «Военная фантастика»\Белый Z на лобовой броне (Михаил Михеев).fb2,Михаил Михеев,Михеев Михаил,filename,,,,Белый Z на лобовой броне,network_literature
C:\Users\dmitriy.murov\Downloads\TriblerDownloads\Test1\Серия - «Военная фантастика»\Боги войны (Мишин Виктор).fb2,Виктор Мишин,Мишин Виктор,filename,,,,Боги войны,sf_action
C:\Users\dmitriy.murov\Downloads\TriblerDownloads\Test1\Серия - «Военная фантастика»\В самом сердце Сибири (Комбат Найтов).fb2,Комбат Найтов,Комбат Найтов,filename,,,,В самом сердце Сибири,sf_action
C:\Users\dmitriy.murov\Downloads\TriblerDownloads\Test1\Серия - «Военная фантастика»\Вариант «Севастополь» (Комбат Найтов).fb2,Комбат Найтов,Комбат Найтов,filename,,,,Вариант «Севастополь»,sf_action
C:\Users\dmitriy.murov\Downloads\TriblerDownloads\Test1\Серия - «Военная фантастика»\Внизу наш дом (Сергей Калашников).fb2,Сергей Калашников,Калашников Сергей,filename,,,,Внизу наш дом,popadanec
C:\Users\dmitriy.murov\Downloads\TriblerDownloads\Test1\Серия - «Военная фантастика»\Время просить прощения (Некрасов Иван).fb2,Иван Некрасов,Некрасов Иван,filename,,,,Время просить прощения,sf_action
C:\Users\dmitriy.murov\Downloads\TriblerDownloads\Test1\Серия - «Военная фантастика»\Второй помощник (Комбат Найтов).fb2,Комбат Найтов,Комбат Найтов,filename,,,,Второй помощник,popadancy
C:\Users\dmitriy.murov\Downloads\TriblerDownloads\Test1\Серия - «Военная фантастика»\Главным калибром – огонь! (Рустам Максимов).fb2,Рустам Максимов,Максимов Рустам,filename,,,,Главным калибром – огонь!,sf_heroic
C:\Users\dmitriy.murov\Downloads\TriblerDownloads\Test1\Серия - «Военная фантастика»\Гнилое дерево (Комбат Найтов).fb2,Комбат Найтов,Комбат Найтов,filename,,,,Гнилое дерево [Litres],sf_action
C:\Users\dmitriy.murov\Downloads\TriblerDownloads\Test1\Серия - «Военная фантастика»\Горный стрелок (Комбат Найтов).fb2,Комбат Найтов,Комбат Найтов,filename,,,,Горный стрелок,sf_history
C:\Users\dmitriy.murov\Downloads\TriblerDownloads\Test1\Серия - «Военная фантастика»\День не задался (Комбат Найтов).fb2,Комбат Найтов,Комбат Найтов,filename,,,,День не задался,sf_history
C:\Users\dmitriy.murov\Downloads\TriblerDownloads\Test1\Серия - «Военная фантастика»\Длинный ствол – короткая жизнь (Комбат Найтов).fb2,Комбат Найтов,Комбат Найтов,filename,,,,Длинный ствол – короткая жизнь,network_literature
C:\Users\dmitriy.murov\Downloads\TriblerDownloads\Test1\Серия - «Военная фантастика»\Дробь! Не наблюдать! (Комбат Найтов).fb2,Комбат Найтов,Комбат Найтов,filename,,,,Дробь! Не наблюдать!,sf_history
C:\Users\dmitriy.murov\Downloads\TriblerDownloads\Test1\Серия - «Военная фантастика»\Зелёный змей Урала (Комбат Найтов).fb2,Комбат Найтов,Комбат Найтов,filename,,,,Зелёный змей Урала [СИ],network_literature
C:\Users\dmitriy.murov\Downloads\TriblerDownloads\Test1\Серия - «Военная фантастика»\Испанская партия (Борис Орлов).fb2,Борис  Орлов,Орлов Борис,filename,,,,Испанская партия,sf_action
C:\Users\dmitriy.murov\Downloads\TriblerDownloads\Test1\Серия - «Военная фантастика»\Конкистадор поневоле (Михеев Михаил).fb2,Михаил Михеев,Михеев Михаил,filename,,,,Конкистадор поневоле,popadancy
C:\Users\dmitriy.murov\Downloads\TriblerDownloads\Test1\Серия - «Военная фантастика»\Крепость (Старец Виктор).fb2,Виктор Старицын,Старицын Виктор,filename_cons,,,,Крепость,sf_action
C:\Users\dmitriy.murov\Downloads\TriblerDownloads\Test1\Серия - «Военная фантастика»\Маленький ныряльщик (Сергей Калашников).fb2,Сергей Калашников,Калашников Сергей,filename,,,,Маленький ныряльщик,sf_action
C:\Users\dmitriy.murov\Downloads\TriblerDownloads\Test1\Серия - «Военная фантастика»\Мушкетёр поневоле (Комбат Найтов).fb2,Комбат Найтов,Комбат Найтов,filename,,,,Мушкетер поневоле,adv_history
C:\Users\dmitriy.murov\Downloads\TriblerDownloads\Test1\Серия - «Военная фантастика»\Нефритовый диск «Би» (Комбат Найтов).fb2,Комбат Найтов,Комбат Найтов,filename,,,,Нефритовый диск «Би»,sf_action
C:\Users\dmitriy.murov\Downloads\TriblerDownloads\Test1\Серия - «Военная фантастика»\Охотник (Юрий Корчевский).fb2,Юрий Корчевский,Корчевский Юрий,filename,,,,Охотник,prose_military
C:\Users\dmitriy.murov\Downloads\TriblerDownloads\Test1\Серия - «Военная фантастика»\Партизан (Комбат Найтов).fb2,Комбат Найтов,Комбат Найтов,filename,,,,Партизан,popadancy
C:\Users\dmitriy.murov\Downloads\TriblerDownloads\Test1\Серия - «Военная фантастика»\По следам «Мангуста» (Комбат Найтов).fb2,Комбат Найтов,Комбат Найтов,filename,,,,По следам «Мангуста»,sf_action
C:\Users\dmitriy.murov\Downloads\TriblerDownloads\Test1\Серия - «Военная фантастика»\Политрук (Валерий Большаков).fb2,Валерий Большаков,Большаков Валерий,filename,,,,Политрук,sf_action
C:\Users\dmitriy.murov\Downloads\TriblerDownloads\Test1\Серия - «Военная фантастика»\Противостояние (Семен Кожанов).fb2,Семен Кожанов,Марчук Николай,filename_cons,,,,Противостояние,sf_action
C:\Users\dmitriy.murov\Downloads\TriblerDownloads\Test1\Серия - «Военная фантастика»\Профессионалы (Михаил Николаев).fb2,Михаил Николаев,Николаев Михаил,filename,,,,Профессионалы,sf_action
C:\Users\dmitriy.murov\Downloads\TriblerDownloads\Test1\Серия - «Военная фантастика»\Русский человек войны (Сержант Леший).fb2,Сержант Леший,Сержант Леший,filename,,,,Русский человек войны,sf_heroic
C:\Users\dmitriy.murov\Downloads\TriblerDownloads\Test1\Серия - «Военная фантастика»\Спасти адмирала Макарова (А.Михайловский).fb2,Александр Михайловский,"Михайловский Александр, Харников Александр",filename_cons,,,,И никто кроме нас,sf_history
"C:\Users\dmitriy.murov\Downloads\TriblerDownloads\Test1\Серия - «Военная фантастика»\Спят курганы тёмные (Харников, Дынин).fb2",Максим Дынин; Александр Харников,"Дынин Максим, Харников Александр",filename,,,,Спят курганы темные,popadancy
C:\Users\dmitriy.murov\Downloads\TriblerDownloads\Test1\Серия - «Военная фантастика»\СССР - ответный удар (Анатолий Логинов).fb2,Анатолий Логинов,Логинов Анатолий,filename,,,,СССР - ответный удар,sf_history
C:\Users\dmitriy.murov\Downloads\TriblerDownloads\Test1\Серия - «Военная фантастика»\Сталь с голубым узором (Комбат Найтов).fb2,Комбат Найтов,Комбат Найтов,filename,,,,Сталь с голубым узором,sf_history
C:\Users\dmitriy.murov\Downloads\TriblerDownloads\Test1\Серия - «Военная фантастика»\Танки вперед! (Комбат Найтов).fb2,Комбат Найтов,Комбат Найтов,filename,,,,Танкист,network_literature
C:\Users\dmitriy.murov\Downloads\TriblerDownloads\Test1\Серия - «Военная фантастика»\Танкист (Юрий Корчевский).fb2,Юрий Корчевский,Корчевский Юрий,filename,,,,Танкист,prose_military
C:\Users\dmitriy.murov\Downloads\TriblerDownloads\Test1\Серия - «Военная фантастика»\Тень Перл-Харбора (Колмаков Владислав).fb2,Владислав Колмаков,Колмаков Владислав,filename,,,,Тень Перл-Харбора,sf_history
C:\Users\dmitriy.murov\Downloads\TriblerDownloads\Test1\Серия - «Военная фантастика»\Техник – ас (Панов Евгений).fb2,Евгений Панов,Панов Евгений,filename,,,,Техник-ас,popadancy
C:\Users\dmitriy.murov\Downloads\TriblerDownloads\Test1\Серия - «Военная фантастика»\Хиты Военной фантастики.fb2,Александр Михайловский; Александр  Харников; Рустам  Максимов; Влад Савин; Комбат Найтов,Сборник,metadata,,,,Хиты Военной фантастики ,sf_action
C:\Users\dmitriy.murov\Downloads\TriblerDownloads\Test1\Серия - «Военная фантастика»\Черный прибой Озерейки (Сергей Сезин).fb2,Сергей Сезин,Сезин Сергей,filename,,,,Черный прибой Озерейки,sf_action
C:\Users\dmitriy.murov\Downloads\TriblerDownloads\Test1\Серия - «Военная фантастика»\Чужая жизнь (Сержант Леший).fb2,Валерий Шмаев,Сержант Леший,filename,,,,Чужая жизнь,popadancy
C:\Users\dmitriy.murov\Downloads\TriblerDownloads\Test1\Серия - «Военная фантастика»\Я вас не звал (Николай Побережник).fb2,Николай Побережник,Побережник Николай,filename,,,,Я вас не звал!,sf_action
C:\Users\dmitriy.murov\Downloads\TriblerDownloads\Test1\Серия - «Военная фантастика»\1941 (Иван Байбаков)\1. Работа над ошибками.fb2,Иван Байбаков,Байбаков Иван,folder_dataset,,,,1941 – Работа над ошибками,sf_action
C:\Users\dmitriy.murov\Downloads\TriblerDownloads\Test1\Серия - «Военная фантастика»\1941 (Иван Байбаков)\2. Своих не бросаем.fb2,Иван Байбаков,Байбаков Иван,folder_dataset,,,,1941 – Своих не бросаем,sf_action
C:\Users\dmitriy.murov\Downloads\TriblerDownloads\Test1\Серия - «Военная фантастика»\1941 (Иван Байбаков)\3. Бои местного значения.fb2,Иван Байбаков,Байбаков Иван,folder_dataset,,,,1941 – Бои местного значения,sf_action
C:\Users\dmitriy.murov\Downloads\TriblerDownloads\Test1\Серия - «Военная фантастика»\1941 (Иван Байбаков)\4. Туман войны.fb2,Иван Байбаков,Байбаков Иван,folder_dataset,,,,1941 – Туман войны,popadancy
C:\Users\dmitriy.murov\Downloads\TriblerDownloads\Test1\Серия - «Военная фантастика»\Адмирал (Михаил Михеев)\1. Адмирал.fb2,Михаил Михеев,Михеев Михаил,folder_dataset,,,,Адмирал,sf_action
C:\Users\dmitriy.murov\Downloads\TriblerDownloads\Test1\Серия - «Военная фантастика»\Адмирал (Михаил Михеев)\2. Заморский вояж.fb2,Михаил Михеев,Михеев Михаил,folder_dataset,,,,Заморский вояж,sf_history
C:\Users\dmitriy.murov\Downloads\TriblerDownloads\Test1\Серия - «Военная фантастика»\Адмирал (Михаил Михеев)\3. Страна рухнувшего солнца.fb2,Михаил Михеев,Михеев Михаил,folder_dataset,,,,Страна рухнувшего солнца,sf_action
C:\Users\dmitriy.murov\Downloads\TriblerDownloads\Test1\Серия - «Военная фантастика»\Адмиралы Арктики (Александр Плетнёв)\Адмиралы Арктики 1. Адмиралы Арктики.fb2,Александр Плетнёв,Плетнёв Александр,folder_dataset,,,,Адмиралы Арктики,popadanec
C:\Users\dmitriy.murov\Downloads\TriblerDownloads\Test1\Серия - «Военная фантастика»\Адмиралы Арктики (Александр Плетнёв)\Адмиралы Арктики 2. Вскормленные льдами.fb2,Александр Плетнёв,Плетнёв Александр,folder_dataset,,,,Вскормленные льдами,sf_action
C:\Users\dmitriy.murov\Downloads\TriblerDownloads\Test1\Серия - «Военная фантастика»\Адмиралы Арктики (Александр Плетнёв)\Адмиралы Арктики 3. Углём и атомом.fb2,Александр Плетнёв,Плетнёв Александр,folder_dataset,,,,Углём и атомом,sf_action
C:\Users\dmitriy.murov\Downloads\TriblerDownloads\Test1\Серия - «Военная фантастика»\Адмиралы Арктики (Александр Плетнёв)\Адмиралы Арктики 4. Эпохи холст - багряной кистью.fb2,Александр Плетнёв,Плетнёв Александр,folder_dataset,,,,Эпохи холст – багряной кистью,popadancy
C:\Users\dmitriy.murov\Downloads\TriblerDownloads\Test1\Серия - «Военная фантастика»\Адмиралы Арктики (Александр Плетнёв)\Адмиралы Арктики 5. Осколки недоброго века.fb2,Александр Плетнёв,Плетнёв Александр,folder_dataset,,,,Осколки недоброго века,popadancy
"C:\Users\dmitriy.murov\Downloads\TriblerDownloads\Test1\Серия - «Военная фантастика»\Ангелы в погонах (А.Михайловский, А.Харников)\Пролог.fb2",Александр Михайловский,"Михайловский Александр, Харников Александр",folder_dataset,,,,Пролог,sf_history
C:\Users\dmitriy.murov\Downloads\TriblerDownloads\Test1\Серия - «Военная фантастика»\Антиблицкриг (Александр Берг)\Антиблицкриг 1. Отдельный танковый.fb2,Александр Берг,Берг Александр,folder_dataset,,,,Отдельный танковый,novel
C:\Users\dmitriy.murov\Downloads\TriblerDownloads\Test1\Серия - «Военная фантастика»\Антиблицкриг (Александр Берг)\Антиблицкриг 2. Танкистка.fb2,Александр Айзенберг,Берг Александр,folder_dataset,,,,Танкистка,sf_action
C:\Users\dmitriy.murov\Downloads\TriblerDownloads\Test1\Серия - «Военная фантастика»\Антиблицкриг (Александр Берг)\Антиблицкриг 3. По прозвищу «Малюта».fb2,Александр Айзенберг,Берг Александр,folder_dataset,,,,По прозвищу «Малюта»,popadancy
C:\Users\dmitriy.murov\Downloads\TriblerDownloads\Test1\Серия - «Военная фантастика»\Антиблицкриг (Александр Берг)\Антиблицкриг 4. Моя фамилия Павлов.fb2,Александр Айзенберг,Берг Александр,folder_dataset,,,,Моя фамилия Павлов,popadancy
C:\Users\dmitriy.murov\Downloads\TriblerDownloads\Test1\Серия - «Военная фантастика»\Антиблицкриг (Александр Берг)\Антиблицкриг 5. Взводный.fb2,Александр Айзенберг,Берг Александр,folder_dataset,,,,Взводный,popadancy
C:\Users\dmitriy.murov\Downloads\TriblerDownloads\Test1\Серия - «Военная фантастика»\Антиблицкриг (Александр Берг)\Антиблицкриг 6. Комдив.fb2,Александр Айзенберг,Берг Александр,folder_dataset,,,,Комдив,popadancy
C:\Users\dmitriy.murov\Downloads\TriblerDownloads\Test1\Серия - «Военная фантастика»\Боевой 41-й год (Старицын Виктор)\1. Если завтра война.fb2,Виктор Старицын,Старицын Виктор,folder_dataset,,,,Если завтра война,sf_history
C:\Users\dmitriy.murov\Downloads\TriblerDownloads\Test1\Серия - «Военная фантастика»\Боевой 41-й год (Старицын Виктор)\2. Блицкриг – капут (изд. вариант).fb2,Виктор Старицын,Старицын Виктор,folder_dataset,,,,Блицкриг – капут,sf_history
C:\Users\dmitriy.murov\Downloads\TriblerDownloads\Test1\Серия - «Военная фантастика»\Боевой 41-й год (Старицын Виктор)\2. Крах Барбароссы.fb2,Виктор Старицын,Старицын Виктор,folder_dataset,,,,"Крах ""Барбароссы""",sf_history
C:\Users\dmitriy.murov\Downloads\TriblerDownloads\Test1\Серия - «Военная фантастика»\Боевой 41-й год (Старицын Виктор)\3. Прибалтийская «мясорубка».fb2,Виктор Старицын,Старицын Виктор,folder_dataset,,,,Прибалтийская «мясорубка»,popadancy
C:\Users\dmitriy.murov\Downloads\TriblerDownloads\Test1\Серия - «Военная фантастика»\Боевой 41-й год (Старицын Виктор)\4. Крепость.fb2,Виктор Старец,Старицын Виктор,folder_dataset,,,,Крепость,sf_action
C:\Users\dmitriy.murov\Downloads\TriblerDownloads\Test1\Серия - «Военная фантастика»\Будущее в тебе (Олег Кожевников)\1. Лед и пламя.fb2,Олег  Кожевников,Кожевников Олег,folder_dataset,,,,Лёд и пламя,sf_action
C:\Users\dmitriy.murov\Downloads\TriblerDownloads\Test1\Серия - «Военная фантастика»\Будущее в тебе (Олег Кожевников)\2. Комбриг.fb2,Олег Кожевников,Кожевников Олег,folder_dataset,,,,Комбриг,sf_history
C:\Users\dmitriy.murov\Downloads\TriblerDownloads\Test1\Серия - «Военная фантастика»\Будущее в тебе (Олег Кожевников)\3. Комкор.fb2,Олег Кожевников,Кожевников Олег,folder_dataset,,,,Комкор,sf_history
C:\Users\dmitriy.murov\Downloads\TriblerDownloads\Test1\Серия - «Военная фантастика»\Будущее в тебе (Олег Кожевников)\4. Командарм.fb2,Олег Кожевников,Кожевников Олег,folder_dataset,,,,Командарм,sf_history
C:\Users\dmitriy.murov\Downloads\TriblerDownloads\Test1\Серия - «Военная фантастика»\Вечный (Владимир Поселягин)\1. Корейский вариант.fb2,Владимир Поселягин,Поселягин Владимир,folder_dataset,,,,Корейский вариант,sf_action
C:\Users\dmitriy.murov\Downloads\TriblerDownloads\Test1\Серия - «Военная фантастика»\Вечный (Владимир Поселягин)\2. Время сурка.fb2,Владимир Поселягин,Поселягин Владимир,folder_dataset,,,,Время сурка,sf_action
C:\Users\dmitriy.murov\Downloads\TriblerDownloads\Test1\Серия - «Военная фантастика»\Вечный (Владимир Поселягин)\3. Сеятель.fb2,Владимир Поселягин,Поселягин Владимир,folder_dataset,,,,Сеятель,sf_action
C:\Users\dmitriy.murov\Downloads\TriblerDownloads\Test1\Серия - «Военная фантастика»\Взгляд василиска (Оченков Иван)\1. Взгляд василиска.fb2,Иван Оченков,Оченков Иван,folder_dataset,,,,Взгляд василиска,sf_history
C:\Users\dmitriy.murov\Downloads\TriblerDownloads\Test1\Серия - «Военная фантастика»\Взгляд василиска (Оченков Иван)\2. Василиск 2.fb2,Иван Оченков,Оченков Иван,folder_dataset,,,,Продолжение Василиска [СИ],sf_history
C:\Users\dmitriy.murov\Downloads\TriblerDownloads\Test1\Серия - «Военная фантастика»\Во славу Отечества! (Белогорский Евгений)\1. Во славу Отечества!.fb2,Евгений Белогорский,Белогорский Евгений,folder_dataset,,,,Во славу Отечества!,sf_history
C:\Users\dmitriy.murov\Downloads\TriblerDownloads\Test1\Серия - «Военная фантастика»\Во славу Отечества! (Белогорский Евгений)\2. Лето долгожданных побед.fb2,Евгений Белогорский,Белогорский Евгений,folder_dataset,,,,Лето долгожданных побед,sf_action
C:\Users\dmitriy.murov\Downloads\TriblerDownloads\Test1\Серия - «Военная фантастика»\Во славу Отечества! (Белогорский Евгений)\3. В годину славы и печали.fb2,Евгений Белогорский,Белогорский Евгений,folder_dataset,,,,В годину славы и печали,sf_history
C:\Users\dmitriy.murov\Downloads\TriblerDownloads\Test1\Серия - «Военная фантастика»\Возраст (Мишин Виктор)\1. Возраст не помеха.fb2,Виктор Мишин,Мишин Виктор,folder_dataset,,,,Возраст не помеха,popadancy
C:\Users\dmitriy.murov\Downloads\TriblerDownloads\Test1\Серия - «Военная фантастика»\Возраст (Мишин Виктор)\2. Возраст – преимущество.fb2,Виктор Мишин,Мишин Виктор,folder_dataset,,,,Возраст – преимущество,adv_history
C:\Users\dmitriy.murov\Downloads\TriblerDownloads\Test1\Серия - «Военная фантастика»\Война 2020 (Марчук Николай)\1. Война 2020. Керченский узел.fb2,Николай Марчук,Марчук Николай,folder_dataset,,,,Война 2020. Керченский узел,sf_action
C:\Users\dmitriy.murov\Downloads\TriblerDownloads\Test1\Серия - «Военная фантастика»\Война 2020 (Марчук Николай)\2. Zадача будет выполнена! Крымский котел.fb2,Николай Марчук,Марчук Николай,folder_dataset,,,,Zадача будет выполнена! Крымский котел,sf_action
C:\Users\dmitriy.murov\Downloads\TriblerDownloads\Test1\Серия - «Военная фантастика»\Война 2020 (Марчук Николай)\3. Zадача будет выполнена! Ни шагу назад.fb2,Николай Марчук,Марчук Николай,folder_dataset,,,,Zадача будет выполнена! Ни шагу назад,sf_action
C:\Users\dmitriy.murov\Downloads\TriblerDownloads\Test1\Серия - «Военная фантастика»\Война 2020 (Марчук Николай)\4. Zадача будет выполнена! Только вперёд.fb2,Николай Марчук,Марчук Николай,folder_dataset,,,,Zадача будет выполнена! Только вперед,sf_heroic
C:\Users\dmitriy.murov\Downloads\TriblerDownloads\Test1\Серия - «Военная фантастика»\Воскресное утро (Михаил Алексеев)\1. Воскресное утро.fb2,Михаил Алексеев,Алексеев Михаил,folder_dataset,,,,Воскресное утро,sf_history
C:\Users\dmitriy.murov\Downloads\TriblerDownloads\Test1\Серия - «Военная фантастика»\Воскресное утро (Михаил Алексеев)\2. Решающий выбор.fb2,Михаил Алексеев,Алексеев Михаил,folder_dataset,,,,Воскресное утро. Решающий выбор,sf_history
"C:\Users\dmitriy.murov\Downloads\TriblerDownloads\Test1\Серия - «Военная фантастика»\Второй сибирский (Емельянов Антон, Савинов Сергей)\Емельянов Антон, Савинов Сергей - Второй Сибирский 1. Японская война. 1904.fb2",Антон Емельянов; Сергей Савинов,"Емельянов Антон, Савинов Сергей",folder_dataset,,,,Японская война. 1904,popadancy
"C:\Users\dmitriy.murov\Downloads\TriblerDownloads\Test1\Серия - «Военная фантастика»\Второй сибирский (Емельянов Антон, Савинов Сергей)\Емельянов Антон, Савинов Сергей - Второй Сибирский 2. Японская война. 1904 (СИ).fb2",Антон Емельянов; Сергей Савинов,"Емельянов Антон, Савинов Сергей",folder_dataset,,,,Японская война 1904. Книга 2,network_literature
"C:\Users\dmitriy.murov\Downloads\TriblerDownloads\Test1\Серия - «Военная фантастика»\Второй сибирский (Емельянов Антон, Савинов Сергей)\Емельянов Антон, Савинов Сергей - Второй Сибирский 3. Японская война. 1904 (СИ).fb2",Антон Емельянов; Сергей Савинов,"Емельянов Антон, Савинов Сергей",folder_dataset,,,,Японская война 1904. Книга третья,popadantsy_vo_vremeni
"C:\Users\dmitriy.murov\Downloads\TriblerDownloads\Test1\Серия - «Военная фантастика»\Второй сибирский (Емельянов Антон, Савинов Сергей)\Емельянов Антон, Савинов Сергей - Второй Сибирский 4. Японская война. 1904 (СИ).fb2",Антон Емельянов; Сергей Савинов,"Емельянов Антон, Савинов Сергей",folder_dataset,,,,Японская война 1904. Книга четвертая,popadantsy_vo_vremeni
"C:\Users\dmitriy.murov\Downloads\TriblerDownloads\Test1\Серия - «Военная фантастика»\Второй сибирский (Емельянов Антон, Савинов Сергей)\Емельянов Антон, Савинов Сергей - Второй Сибирский 5. Японская война. 1904 (СИ).fb2",Антон Емельянов; Сергей Савинов,"Емельянов Антон, Савинов Сергей",folder_dataset,,,,Японская война 1904. Книга 5,adv_history
"C:\Users\dmitriy.murov\Downloads\TriblerDownloads\Test1\Серия - «Военная фантастика»\Второй сибирский (Емельянов Антон, Савинов Сергей)\Емельянов Антон, Савинов Сергей - Второй Сибирский 6. Японская война. 1905 (СИ).fb2",Антон Емельянов; Сергей Савинов,"Емельянов Антон, Савинов Сергей",folder_dataset,,,,Японская война 1904. Книга 6,network_literature
"C:\Users\dmitriy.murov\Downloads\TriblerDownloads\Test1\Серия - «Военная фантастика»\Второй сибирский (Емельянов Антон, Савинов Сергей)\Емельянов Антон, Савинов Сергей - Второй Сибирский 7. Японская война. 1905 (СИ).fb2",Антон Емельянов; Сергей Савинов,"Емельянов Антон, Савинов Сергей",folder_dataset,,,,Японская война 1905. Книга седьмая,popadantsy-vo-vremeni
C:\Users\dmitriy.murov\Downloads\TriblerDownloads\Test1\Серия - «Военная фантастика»\Второй шанс (Мишин Виктор)\Мишин Виктор - Второй шанс 1. Начало.fb2,Виктор Мишин,Мишин Виктор,folder_dataset,,,,Второй шанс. Начало,sf_action
C:\Users\dmitriy.murov\Downloads\TriblerDownloads\Test1\Серия - «Военная фантастика»\Второй шанс (Мишин Виктор)\Мишин Виктор - Второй шанс 2. Снайпер.fb2,Виктор Мишин,Мишин Виктор,folder_dataset,,,,Второй шанс. Снайпер,sf_action
C:\Users\dmitriy.murov\Downloads\TriblerDownloads\Test1\Серия - «Военная фантастика»\Второй шанс (Мишин Виктор)\Мишин Виктор - Второй шанс 3. Счастливчик.fb2,Виктор Мишин,Мишин Виктор,folder_dataset,,,,Второй шанс. Счастливчик,sf_action
"C:\Users\dmitriy.murov\Downloads\TriblerDownloads\Test1\Серия - «Военная фантастика»\Второй шанс (Шабловский Олег)\Шабловский Олег - Второй шанс 1. Никто, кроме нас.fb2",Олег Шабловский,Шабловский Олег,folder_dataset,,,,Никто кроме нас,sf_action
"C:\Users\dmitriy.murov\Downloads\TriblerDownloads\Test1\Серия - «Военная фантастика»\Второй шанс (Шабловский Олег)\Шабловский Олег - Второй шанс 2. Никто, кроме нас 2.fb2",Олег Шабловский,Шабловский Олег,folder_dataset,,,,Никто кроме нас 2,network_literature
C:\Users\dmitriy.murov\Downloads\TriblerDownloads\Test1\Серия - «Военная фантастика»\Гадюкинский мост (Марченко Ростислав)\Марченко Ростислав -  Гадюкинский мост 2. Перевал.fb2,Ростислав Марченко,Марченко Ростислав,folder_dataset,,,,Перевал,sf_action
C:\Users\dmitriy.murov\Downloads\TriblerDownloads\Test1\Серия - «Военная фантастика»\Гадюкинский мост (Марченко Ростислав)\Марченко Ростислав - Гадюкинский мост.fb2,Ростислав Марченко,Марченко Ростислав,folder_dataset,,,,Гадюкинский мост,sf_action
C:\Users\dmitriy.murov\Downloads\TriblerDownloads\Test1\Серия - «Военная фантастика»\Генерал (Романов Герман)\Романов Герман - Генерал 01. Злой гений Порт-Артура.fb2,Герман Романов,Романов Герман,folder_dataset,,,,Злой гений Порт-Артура,sf_action
C:\Users\dmitriy.murov\Downloads\TriblerDownloads\Test1\Серия - «Военная фантастика»\Генерал (Романов Герман)\Романов Герман - Генерал 02. Война всё спишет.fb2,Герман Романов,Романов Герман,folder_dataset,,,,Война все спишет,sf_action
C:\Users\dmitriy.murov\Downloads\TriblerDownloads\Test1\Серия - «Военная фантастика»\Генерал Кинжал (Панин Владимир)\1. Жаркое лето сорок второго.fb2,Владимир Панин,Панин Владимир,folder_dataset,,,,Жаркое лето сорок второго,sf_history
C:\Users\dmitriy.murov\Downloads\TriblerDownloads\Test1\Серия - «Военная фантастика»\Генерал Кинжал (Панин Владимир)\2. Ленинградский меридиан.fb2,Владимир Панин,Панин Владимир,folder_dataset,,,,Ленинградский меридиан,sf_action
C:\Users\dmitriy.murov\Downloads\TriblerDownloads\Test1\Серия - «Военная фантастика»\Генерал Кинжал (Панин Владимир)\3. Сталинградская метель.fb2,Владимир Панин,Панин Владимир,folder_dataset,,,,Сталинградская метель,sf_history
C:\Users\dmitriy.murov\Downloads\TriblerDownloads\Test1\Серия - «Военная фантастика»\Генерал Кинжал (Панин Владимир)\4. Карельский блицкриг.fb2,Владимир Панин,Панин Владимир,folder_dataset,,,,Карельский блицкриг,sf_history
C:\Users\dmitriy.murov\Downloads\TriblerDownloads\Test1\Серия - «Военная фантастика»\Группа крови на плече (Вязовский Алексей)\Группа крови на плече 1. Группа крови на плече.fb2,Алексей Вязовский,Вязовский Алексей,folder_dataset,,,,Группа крови на плече,popadanec
C:\Users\dmitriy.murov\Downloads\TriblerDownloads\Test1\Серия - «Военная фантастика»\Группа крови на плече (Вязовский Алексей)\Группа крови на плече 2. Смерти вопреки.fb2,Алексей Вязовский,Вязовский Алексей,folder_dataset,,,,Смерти вопреки,popadancy
C:\Users\dmitriy.murov\Downloads\TriblerDownloads\Test1\Серия - «Военная фантастика»\Группа крови на плече (Вязовский Алексей)\Группа крови на плече 3. Кодекс спецназовца.fb2,Алексей Вязовский,Вязовский Алексей,folder_dataset,,,,Кодекс спецназовца,popadancy
C:\Users\dmitriy.murov\Downloads\TriblerDownloads\Test1\Серия - «Военная фантастика»\Группа крови на плече (Вязовский Алексей)\Группа крови на плече 4. А до смерти 4 шага.fb2,Алексей Вязовский,Вязовский Алексей,folder_dataset,,,,А до смерти четыре шага,popadancy
C:\Users\dmitriy.murov\Downloads\TriblerDownloads\Test1\Серия - «Военная фантастика»\Группа крови на плече (Вязовский Алексей)\Группа крови на плече 5. Том 5 (СИ).fb2,Алексей Вязовский,Вязовский Алексей,folder_dataset,,,,Группа крови на рукаве. Том 5,network_literature
C:\Users\dmitriy.murov\Downloads\TriblerDownloads\Test1\Серия - «Военная фантастика»\Десанты (Валин Юрий)\Валин Юрий - Десанты 1. «Мы одной крови». Десант из будущего.fb2,Юрий Валин,Валин Юрий,folder_dataset,,,,«Мы одной крови». Десант из будущего,popadancy
C:\Users\dmitriy.murov\Downloads\TriblerDownloads\Test1\Серия - «Военная фантастика»\Десанты (Валин Юрий)\Валин Юрий - Десанты 2. Десант стоит насмерть. Операция «Багратион».fb2,Юрий Валин,Валин Юрий,folder_dataset,,,,Десант стоит насмерть. Операция «Багратион»,popadancy
C:\Users\dmitriy.murov\Downloads\TriblerDownloads\Test1\Серия - «Военная фантастика»\Десанты (Валин Юрий)\Валин Юрий - Десанты 3. Лейтенант из будущего. Спецназ ГРУ против бандеровцев.fb2,Юрий Валин,Валин Юрий,folder_dataset,,,,Лейтенант из будущего. Спецназ ГРУ против бандеровцев,popadancy
C:\Users\dmitriy.murov\Downloads\TriblerDownloads\Test1\Серия - «Военная фантастика»\Десанты (Валин Юрий)\Валин Юрий - Десанты 4. Мамалыжный десант.fb2,Юрий Валин,Валин Юрий,folder_dataset,,,,Мамалыжный десант,sf_action
C:\Users\dmitriy.murov\Downloads\TriblerDownloads\Test1\Серия - «Военная фантастика»\Диверсант (Юрий Корчевский)\1. Диверсант.fb2,Юрий  Корчевский,Корчевский Юрий,folder_dataset,,,,Диверсант [HL],sf_history
C:\Users\dmitriy.murov\Downloads\TriblerDownloads\Test1\Серия - «Военная фантастика»\Диверсант (Юрий Корчевский)\2. Подрывник.fb2,Юрий Корчевский,Корчевский Юрий,folder_dataset,,,,Подрывник,sf_action
"C:\Users\dmitriy.murov\Downloads\TriblerDownloads\Test1\Серия - «Военная фантастика»\Железный ветер (И.Николаев, А.Поволоцкий)\1. Железный ветер.fb2",Игорь Николаев,"Николаев Игорь, Поволоцкий Александр",folder_dataset,,,,Железный ветер,sf_action
"C:\Users\dmitriy.murov\Downloads\TriblerDownloads\Test1\Серия - «Военная фантастика»\Железный ветер (И.Николаев, А.Поволоцкий)\2. Путь войны.fb2",Игорь Николаев; Александр Поволоцкий,"Николаев Игорь, Поволоцкий Александр",folder_dataset,,,,Путь войны,sf_action
"C:\Users\dmitriy.murov\Downloads\TriblerDownloads\Test1\Серия - «Военная фантастика»\Железный ветер (И.Николаев, А.Поволоцкий)\3. Там, где горит земля.fb2",Игорь Николаев; Александр Поволоцкий,"Николаев Игорь, Поволоцкий Александр",folder_dataset,,,,"Там, где горит земля",sf_action
C:\Users\dmitriy.murov\Downloads\TriblerDownloads\Test1\Серия - «Военная фантастика»\И никто кроме нас (Игорь Дешкин)\1. Спасти Адмирала.fb2,Игорь Дешкин,Дешкин Игорь,folder_dataset,,,,Спасти Адмирала,sf_history
C:\Users\dmitriy.murov\Downloads\TriblerDownloads\Test1\Серия - «Военная фантастика»\И никто кроме нас (Игорь Дешкин)\2. И никто кроме нас.fb2,Игорь Дешкин,Дешкин Игорь,folder_dataset,,,,И никто кроме нас - 2 (СИ),sf_history
"C:\Users\dmitriy.murov\Downloads\TriblerDownloads\Test1\Серия - «Военная фантастика»\Имперский союз (А.Михайловский, А.Харников)\1. В царствование императора Николая Павловича.fb2",Александр Харников; Александр Михайловский,"Михайловский Александр, Харников Александр",folder_dataset,,,,В царствование императора Николая Павловича,sf_action
"C:\Users\dmitriy.murov\Downloads\TriblerDownloads\Test1\Серия - «Военная фантастика»\Имперский союз (А.Михайловский, А.Харников)\2. Разминка перед боем.fb2",Александр Харников; Александр Михайловский,"Михайловский Александр, Харников Александр",folder_dataset,,,,Разминка перед боем,sf_history
"C:\Users\dmitriy.murov\Downloads\TriblerDownloads\Test1\Серия - «Военная фантастика»\Имперский союз (А.Михайловский, А.Харников)\3. Британский вояж .fb2",Александр Михайловский; Александр Харников,"Михайловский Александр, Харников Александр",folder_dataset,,,,Британский вояж,sf_history
"C:\Users\dmitriy.murov\Downloads\TriblerDownloads\Test1\Серия - «Военная фантастика»\Имперский союз (А.Михайловский, А.Харников)\4. Возвращение атлантов.fb2",Александр Харников; Александр Михайловский,"Михайловский Александр, Харников Александр",folder_dataset,,,,Возвращение атлантов,sf
"C:\Users\dmitriy.murov\Downloads\TriblerDownloads\Test1\Серия - «Военная фантастика»\Имперский союз (А.Михайловский, А.Харников)\5. Золотые миражи.fb2",Александр Харников; Александр Михайловский,"Михайловский Александр, Харников Александр",folder_dataset,,,,Золотые миражи,sf_history
"C:\Users\dmitriy.murov\Downloads\TriblerDownloads\Test1\Серия - «Военная фантастика»\Имперский союз (А.Михайловский, А.Харников)\6. Лента Мёбиуса.fb2",Александр Харников,"Михайловский Александр, Харников Александр",folder_dataset,,,,Лента Мёбиуса,popadancy
C:\Users\dmitriy.murov\Downloads\TriblerDownloads\Test1\Серия - «Военная фантастика»\Иной вариант (Владислав Конюшевский)\1. Иной вариант.fb2,Владислав Конюшевский,Конюшевский Владислав,folder_dataset,,,,Иной вариант,sf_history
C:\Users\dmitriy.murov\Downloads\TriblerDownloads\Test1\Серия - «Военная фантастика»\Иной вариант (Владислав Конюшевский)\2. Главный день.fb2,Владислав  Конюшевский,Конюшевский Владислав,folder_dataset,,,,Главный день,sf_history
C:\Users\dmitriy.murov\Downloads\TriblerDownloads\Test1\Серия - «Военная фантастика»\К повороту стоять! (Батыршин Борис)\1. К повороту стоять!.fb2,Б. Беломор,Батыршин Борис,folder_dataset,,,,К повороту стоять!,sf_history
C:\Users\dmitriy.murov\Downloads\TriblerDownloads\Test1\Серия - «Военная фантастика»\К повороту стоять! (Батыршин Борис)\2. Следовать новым курсом.fb2,Б. Беломор,Батыршин Борис,folder_dataset,,,,Следовать новым курсом,sf_history
C:\Users\dmitriy.murov\Downloads\TriblerDownloads\Test1\Серия - «Военная фантастика»\К повороту стоять! (Батыршин Борис)\3. Курс на юг.fb2,Борис Батыршин,Батыршин Борис,folder_dataset,,,,Курс на юг,adv_history
C:\Users\dmitriy.murov\Downloads\TriblerDownloads\Test1\Серия - «Военная фантастика»\К повороту стоять! (Батыршин Борис)\4. Флот решает всё (СИ).fb2,Борис Батыршин,Батыршин Борис,folder_dataset,,,,Флот решает всё (СИ),network_literature
C:\Users\dmitriy.murov\Downloads\TriblerDownloads\Test1\Серия - «Военная фантастика»\Канцлер Мальтийского ордена (Александр Харников)\1. Вежливые люди императора.fb2,Александр Харников,Харников Александр,folder_dataset,,,,Вежливые люди императора,sf_action
C:\Users\dmitriy.murov\Downloads\TriblerDownloads\Test1\Серия - «Военная фантастика»\Канцлер Мальтийского ордена (Александр Харников)\2. Северный сфинкс.fb2,Александр Харников,Харников Александр,folder_dataset,,,,Северный сфинкс,popadancy
C:\Users\dmitriy.murov\Downloads\TriblerDownloads\Test1\Серия - «Военная фантастика»\Канцлер Мальтийского ордена (Александр Харников)\3. К морю марш вперед!.fb2,Александр Харников,Харников Александр,folder_dataset,,,,К морю марш вперед!,popadancy
C:\Users\dmitriy.murov\Downloads\TriblerDownloads\Test1\Серия - «Военная фантастика»\Канцлер Мальтийского ордена (Александр Харников)\4. По следам Александра Великого.fb2,Александр Харников,Харников Александр,folder_dataset,,,,По следам Александра Великого,sf
C:\Users\dmitriy.murov\Downloads\TriblerDownloads\Test1\Серия - «Военная фантастика»\Командир Красной Армии (Владимир Поселягин)\1. Командир Красной Армии.fb2,Владимир Поселягин,Поселягин Владимир,folder_dataset,,,,Командир Красной Армии,sf_history
C:\Users\dmitriy.murov\Downloads\TriblerDownloads\Test1\Серия - «Военная фантастика»\Командир Красной Армии (Владимир Поселягин)\2. Офицер Красной Армии.fb2,Владимир Поселягин,Поселягин Владимир,folder_dataset,,,,Офицер Красной Армии,sf_history
C:\Users\dmitriy.murov\Downloads\TriblerDownloads\Test1\Серия - «Военная фантастика»\Комсомолец (Владимир Поселягин)\1. Комсомолец.fb2,Владимир Поселягин,Поселягин Владимир,folder_dataset,,,,Комсомолец,popadanec
C:\Users\dmitriy.murov\Downloads\TriblerDownloads\Test1\Серия - «Военная фантастика»\Комсомолец (Владимир Поселягин)\2. Осназовец.fb2,Владимир Поселягин,Поселягин Владимир,folder_dataset,,,,Осназовец,popadanec
C:\Users\dmitriy.murov\Downloads\TriblerDownloads\Test1\Серия - «Военная фантастика»\Комсомолец (Владимир Поселягин)\3. Коммандос.fb2,Владимир Поселягин,Поселягин Владимир,folder_dataset,,,,Коммандос,popadanec
C:\Users\dmitriy.murov\Downloads\TriblerDownloads\Test1\Серия - «Военная фантастика»\Кондотьеры (Буланов Константин)\1. Балтийские кондотьеры.fb2,Константин Буланов,Буланов Константин,folder_dataset,,,,Вымпел мертвых. Балтийские кондотьеры,sf_history
C:\Users\dmitriy.murov\Downloads\TriblerDownloads\Test1\Серия - «Военная фантастика»\Кондотьеры (Буланов Константин)\2. Вымпел мёртвых. Балтийские стражи.fb2,Константин Буланов,Буланов Константин,folder_dataset,,,,Вымпел мертвых. Балтийские стражи (СИ),sf_history
C:\Users\dmitriy.murov\Downloads\TriblerDownloads\Test1\Серия - «Военная фантастика»\Кондотьеры (Буланов Константин)\3. Вымпел мёртвых. Балтийские наблюдатели.fb2,Константин Буланов,Буланов Константин,folder_dataset,,,,Вымпел мертвых. Балтийские наблюдатели (СИ),sf_action
C:\Users\dmitriy.murov\Downloads\TriblerDownloads\Test1\Серия - «Военная фантастика»\Кондотьеры (Буланов Константин)\4. Вымпел мёртвых. Балтийские патриоты.fb2,Константин Буланов,Буланов Константин,folder_dataset,,,,Балтийские патриоты,sf_history
C:\Users\dmitriy.murov\Downloads\TriblerDownloads\Test1\Серия - «Военная фантастика»\Кондотьеры (Буланов Константин)\5. Вымпел мертвых. Балтийские комбинаторы (СИ).fb2,Константин Буланов,Буланов Константин,folder_dataset,,,,Балтийские комбинаторы,network_literature
C:\Users\dmitriy.murov\Downloads\TriblerDownloads\Test1\Серия - «Военная фантастика»\Кондотьеры (Буланов Константин)\6. Вымпел мертвых. Балтийские короли (СИ).fb2,Константин Буланов,Буланов Константин,folder_dataset,,,,Балтийские короли,network_literature
"C:\Users\dmitriy.murov\Downloads\TriblerDownloads\Test1\Серия - «Военная фантастика»\Конец света на «бис» (Владимир Контровский, Грибанов Роман)\00. Конец света на бис.fb2",Владимир Контровский,"Грибанов Роман, Контровский Владимир",folder_dataset,,,,Конец света на «бис»,sf_history
"C:\Users\dmitriy.murov\Downloads\TriblerDownloads\Test1\Серия - «Военная фантастика»\Конец света на «бис» (Владимир Контровский, Грибанов Роман)\1. Цена ошибки.fb2",Роман Грибанов,"Грибанов Роман, Контровский Владимир",folder_dataset,,,,Цена ошибки,sf_action
"C:\Users\dmitriy.murov\Downloads\TriblerDownloads\Test1\Серия - «Военная фантастика»\Конец света на «бис» (Владимир Контровский, Грибанов Роман)\2. Бои местного значения.fb2",Роман Грибанов,"Грибанов Роман, Контровский Владимир",folder_dataset,,,,Бои местного значения,sf_action
"C:\Users\dmitriy.murov\Downloads\TriblerDownloads\Test1\Серия - «Военная фантастика»\Конец света на «бис» (Владимир Контровский, Грибанов Роман)\3. Десант местного значения.fb2",Роман Грибанов,"Грибанов Роман, Контровский Владимир",folder_dataset,,,,Десант местного значения,sf_action
"C:\Users\dmitriy.murov\Downloads\TriblerDownloads\Test1\Серия - «Военная фантастика»\Конец света на «бис» (Владимир Контровский, Грибанов Роман)\4. Восточное направление.fb2",Роман Грибанов,"Грибанов Роман, Контровский Владимир",folder_dataset,,,,Восточное направление,sf_action
C:\Users\dmitriy.murov\Downloads\TriblerDownloads\Test1\Серия - «Военная фантастика»\Корсары Николая Первого (Михеев Михаил)\Корсары Николая Первого 1. Корсары Николая Первого.fb2,Михаил Михеев,Михеев Михаил,folder_dataset,,,,Корсары Николая Первого,popadancy
C:\Users\dmitriy.murov\Downloads\TriblerDownloads\Test1\Серия - «Военная фантастика»\Корсары Николая Первого (Михеев Михаил)\Корсары Николая Первого 2. Через два океана.fb2,Михаил Михеев,Михеев Михаил,folder_dataset,,,,Через два океана,popadancy
C:\Users\dmitriy.murov\Downloads\TriblerDownloads\Test1\Серия - «Военная фантастика»\Крымский тустеп (Комбат Найтов)\1. Крымский тустеп.fb2,Комбат Найтов,Комбат Найтов,folder_dataset,,,,Крымский тустеп,sf_history
C:\Users\dmitriy.murov\Downloads\TriblerDownloads\Test1\Серия - «Военная фантастика»\Крымский тустеп (Комбат Найтов)\2. Возвращение домой.fb2,Найтов Комбат,Комбат Найтов,folder_dataset,,,,Возвращение домой,sf
C:\Users\dmitriy.murov\Downloads\TriblerDownloads\Test1\Серия - «Военная фантастика»\Лето и осень сорок пятого (Александр Ярославцев)\1. Начало «Немыслимого».fb2,Александр Ярославцев,Ярославцев Александр,folder_dataset,,,,Начало немыслимого,sf_history
C:\Users\dmitriy.murov\Downloads\TriblerDownloads\Test1\Серия - «Военная фантастика»\Лето и осень сорок пятого (Александр Ярославцев)\2. Восход двойного солнца.fb2,Александр Ярославцев,Ярославцев Александр,folder_dataset,,,,Восход двойного солнца,sf_action
"C:\Users\dmitriy.murov\Downloads\TriblerDownloads\Test1\Серия - «Военная фантастика»\Линейный крейсер «Михаил Фрунзе» (В.Коваленко, Н.Инодин)\1. Линейный крейсер «Михаил Фрунзе».fb2",Владимир Коваленко,"Коваленко Владимир, Инодин Николай",folder_dataset,,,,Линейный крейсер «Михаил Фрунзе»,prose_military
"C:\Users\dmitriy.murov\Downloads\TriblerDownloads\Test1\Серия - «Военная фантастика»\Линейный крейсер «Михаил Фрунзе» (В.Коваленко, Н.Инодин)\2. В тени сгоревшего кипариса.fb2",Николай Инодин,"Коваленко Владимир, Инодин Николай",folder_dataset,,,,В тени сгоревшего кипариса,popadanec
C:\Users\dmitriy.murov\Downloads\TriblerDownloads\Test1\Серия - «Военная фантастика»\Малая война (Степан Кулик)\1. Операция «Прикрытие».fb2,Степан Кулик; Олег Говда,Кулик Степан,folder_dataset,,,,Операция «Прикрытие»,sf_action
C:\Users\dmitriy.murov\Downloads\TriblerDownloads\Test1\Серия - «Военная фантастика»\Малая война (Степан Кулик)\2. Операция «Рокировка».fb2,Степан Кулик,Кулик Степан,folder_dataset,,,,Операция «Рокировка»,sf_action
C:\Users\dmitriy.murov\Downloads\TriblerDownloads\Test1\Серия - «Военная фантастика»\Малая война (Степан Кулик)\3. Операция «Wolfsschanze».fb2,Степан Кулик,Кулик Степан,folder_dataset,,,,Операция «Wolfsschanze»,sf_history
C:\Users\dmitriy.murov\Downloads\TriblerDownloads\Test1\Серия - «Военная фантастика»\МВП-2 (1) Одиссея крейсера «Варяг» (Александр Чернов)\1. Чемульпо - Владивосток.fb2,Александр Чернов,Чернов Александр,folder_dataset,,,,Чемульпо – Владивосток,sf_action
C:\Users\dmitriy.murov\Downloads\TriblerDownloads\Test1\Серия - «Военная фантастика»\МВП-2 (1) Одиссея крейсера «Варяг» (Александр Чернов)\2. Флагман владивостокских крейсеров.fb2,Александр Чернов,Чернов Александр,folder_dataset,,,,Флагман владивостокских крейсеров,sf_history
C:\Users\dmitriy.murov\Downloads\TriblerDownloads\Test1\Серия - «Военная фантастика»\МВП-2 (1) Одиссея крейсера «Варяг» (Александр Чернов)\3. Из западни.fb2,Александр Чернов,Чернов Александр,folder_dataset,,,,Из западни,sf_history
C:\Users\dmitriy.murov\Downloads\TriblerDownloads\Test1\Серия - «Военная фантастика»\МВП-2 (1) Одиссея крейсера «Варяг» (Александр Чернов)\4. Противостояние.fb2,Александр Чернов,Чернов Александр,folder_dataset,,,,Противостояние,popadancy
C:\Users\dmitriy.murov\Downloads\TriblerDownloads\Test1\Серия - «Военная фантастика»\МВП-2 (1) Одиссея крейсера «Варяг» (Александр Чернов)\5. Владивосток – Порт-Артур.fb2,Александр Чернов,Чернов Александр,folder_dataset,,,,Владивосток – Порт-Артур,popadancy
C:\Users\dmitriy.murov\Downloads\TriblerDownloads\Test1\Серия - «Военная фантастика»\МВП-2 (1) Одиссея крейсера «Варяг» (Александр Чернов)\6. Огненная купель Шантунга.fb2,Александр Чернов,Чернов Александр,folder_dataset,,,,Огненная купель Шантунга,popadancy
C:\Users\dmitriy.murov\Downloads\TriblerDownloads\Test1\Серия - «Военная фантастика»\МВП-2 (1) Одиссея крейсера «Варяг» (Александр Чернов)\7. Порт-Артур – Токио.fb2,Александр Чернов,Чернов Александр,folder_dataset,,,,Порт-Артур – Токио,popadancy
"C:\Users\dmitriy.murov\Downloads\TriblerDownloads\Test1\Серия - «Военная фантастика»\МВП-2 (2) Одиссея капитана Балка (Александр Чернов)\1. Ставка больше, чем мир.fb2",Александр Чернов,Чернов Александр,folder_dataset,,,,"Ставка больше, чем мир",sf_action
C:\Users\dmitriy.murov\Downloads\TriblerDownloads\Test1\Серия - «Военная фантастика»\МВП-2 (2) Одиссея капитана Балка (Александр Чернов)\2. Тени таятся во мраке [СИ].fb2,Александр Чернов,Чернов Александр,folder_dataset,,,,Тени таятся во мраке,network_literature
C:\Users\dmitriy.murov\Downloads\TriblerDownloads\Test1\Серия - «Военная фантастика»\МВП-2 (2) Одиссея капитана Балка (Александр Чернов)\3. Берлин - Париж - Лондон. Игра на вылет [СИ].fb2,Александр Чернов,Чернов Александр,folder_dataset,,,,Берлин — Париж: игра на вылет,network_literature
C:\Users\dmitriy.murov\Downloads\TriblerDownloads\Test1\Серия - «Военная фантастика»\МВП-2 (3) Одиссея Адмирала (Александр Чернов)\1. Порт-Артур – Иркутск – Тверь. Туда и обратно.fb2,Александр Чернов,Чернов Александр,folder_dataset,,,,Порт-Артур – Иркутск – Тверь: туда и обратно,popadancy
C:\Users\dmitriy.murov\Downloads\TriblerDownloads\Test1\Серия - «Военная фантастика»\МВП-2 (3) Одиссея Адмирала (Александр Чернов)\2. Иркутск - Москва.fb2,Александр Чернов,Чернов Александр,folder_dataset,,,,Иркутск – Москва,network_literature
C:\Users\dmitriy.murov\Downloads\TriblerDownloads\Test1\Серия - «Военная фантастика»\Мир Харькова (Константин Самойлов)\1. Если завтра война.fb2,Константин Самойлов,Самойлов Константин,folder_dataset,,,,Если завтра война,sf_history
C:\Users\dmitriy.murov\Downloads\TriblerDownloads\Test1\Серия - «Военная фантастика»\Мир Харькова (Константин Самойлов)\2. Мир Харькова 2.fb2,Константин Минаков,Самойлов Константин,folder_dataset,,,,Харьков 354-286 2,network_literature
C:\Users\dmitriy.murov\Downloads\TriblerDownloads\Test1\Серия - «Военная фантастика»\Морской волк (Влад Савин)\1. Морской волк.fb2,Влад Савин; Борис Царегородцев,Савин Влад,folder_dataset,,,,Морской волк,sf_history
C:\Users\dmitriy.murov\Downloads\TriblerDownloads\Test1\Серия - «Военная фантастика»\Морской волк (Влад Савин)\10. Союз нерушимый.fb2,Влад Савин,Савин Влад,folder_dataset,,,,Союз нерушимый,sf_history
C:\Users\dmitriy.murov\Downloads\TriblerDownloads\Test1\Серия - «Военная фантастика»\Морской волк (Влад Савин)\11. Страна мечты.fb2,Владислав Савин,Савин Влад,folder_dataset,,,,Страна мечты,sf_history
C:\Users\dmitriy.murov\Downloads\TriblerDownloads\Test1\Серия - «Военная фантастика»\Морской волк (Влад Савин)\12. Восточный фронт.fb2,Владислав Савин,Савин Влад,folder_dataset,,,,Восточный фронт,sf_history
C:\Users\dmitriy.murov\Downloads\TriblerDownloads\Test1\Серия - «Военная фантастика»\Морской волк (Влад Савин)\13. Красный тайфун.fb2,Владислав Савин,Савин Влад,folder_dataset,,,,Красный тайфун (litres),sf_history
C:\Users\dmitriy.murov\Downloads\TriblerDownloads\Test1\Серия - «Военная фантастика»\Морской волк (Влад Савин)\14. Алеет восток.fb2,Владислав Савин,Савин Влад,folder_dataset,,,,Алеет восток,sf_history
C:\Users\dmitriy.murov\Downloads\TriblerDownloads\Test1\Серия - «Военная фантастика»\Морской волк (Влад Савин)\15. Война или мир.fb2,Владислав Савин,Савин Влад,folder_dataset,,,,Война или мир,network_literature
C:\Users\dmitriy.murov\Downloads\TriblerDownloads\Test1\Серия - «Военная фантастика»\Морской волк (Влад Савин)\16. Рубежи свободы.fb2,Владислав Савин,Савин Влад,folder_dataset,,,,Рубежи свободы,sf_history
C:\Users\dmitriy.murov\Downloads\TriblerDownloads\Test1\Серия - «Военная фантастика»\Морской волк (Влад Савин)\17. Красные камни.fb2,Владислав Савин,Савин Влад,folder_dataset,,,,Красные камни,sf_history
C:\Users\dmitriy.murov\Downloads\TriblerDownloads\Test1\Серия - «Военная фантастика»\Морской волк (Влад Савин)\18. Зеркало грядущего.fb2,Владислав Савин,Савин Влад,folder_dataset,,,,Зеркало грядущего,sf_history
C:\Users\dmitriy.murov\Downloads\TriblerDownloads\Test1\Серия - «Военная фантастика»\Морской волк (Влад Савин)\19. Красный бамбук.fb2,Владислав Савин,Савин Влад,folder_dataset,,,,Красный бамбук,sf_history
C:\Users\dmitriy.murov\Downloads\TriblerDownloads\Test1\Серия - «Военная фантастика»\Морской волк (Влад Савин)\2. Поворот оверштаг.fb2,Влад Савин,Савин Влад,folder_dataset,,,,Поворот оверштаг,sf_history
"C:\Users\dmitriy.murov\Downloads\TriblerDownloads\Test1\Серия - «Военная фантастика»\Морской волк (Влад Савин)\20. Вперед, Команданте!.fb2",Владислав Савин,Савин Влад,folder_dataset,,,,"Вперед, Команданте!",sf_history
C:\Users\dmitriy.murov\Downloads\TriblerDownloads\Test1\Серия - «Военная фантастика»\Морской волк (Влад Савин)\21. Звёздная Империя.fb2,Владислав Савин,Савин Влад,folder_dataset,,,,Звездная Империя,sf_history
C:\Users\dmitriy.murov\Downloads\TriblerDownloads\Test1\Серия - «Военная фантастика»\Морской волк (Влад Савин)\22. Под атомным прицелом.fb2,Владислав Савин,Савин Влад,folder_dataset,,,,Под атомным прицелом,popadancy
C:\Users\dmitriy.murov\Downloads\TriblerDownloads\Test1\Серия - «Военная фантастика»\Морской волк (Влад Савин)\3. Восход Сатурна.fb2,Влад Савин,Савин Влад,folder_dataset,,,,Восход Сатурна,sf_history
C:\Users\dmitriy.murov\Downloads\TriblerDownloads\Test1\Серия - «Военная фантастика»\Морской волк (Влад Савин)\4. Белая субмарина.fb2,Владислав Савин,Савин Влад,folder_dataset,,,,Белая субмарина,sf_history
C:\Users\dmitriy.murov\Downloads\TriblerDownloads\Test1\Серия - «Военная фантастика»\Морской волк (Влад Савин)\5. Днепровский вал.fb2,Владислав Савин,Савин Влад,folder_dataset,,,,Днепровский вал,sf_action
C:\Users\dmitriy.murov\Downloads\TriblerDownloads\Test1\Серия - «Военная фантастика»\Морской волк (Влад Савин)\6. Северный гамбит.fb2,,Савин Влад,folder_dataset,,,,Северный гамбит,sf_history
C:\Users\dmitriy.murov\Downloads\TriblerDownloads\Test1\Серия - «Военная фантастика»\Морской волк (Влад Савин)\7. Ленинград-43.fb2,Влад Савин,Савин Влад,folder_dataset,,,,Лениград - 43,sf_history
C:\Users\dmitriy.murov\Downloads\TriblerDownloads\Test1\Серия - «Военная фантастика»\Морской волк (Влад Савин)\8. Сумерки богов.fb2,Владислав Савин,Савин Влад,folder_dataset,,,,Сумерки богов,sf_history
C:\Users\dmitriy.murov\Downloads\TriblerDownloads\Test1\Серия - «Военная фантастика»\Морской волк (Влад Савин)\9. Врата Победы.fb2,Влад Савин,Савин Влад,folder_dataset,,,,Врата Победы,sf_history
C:\Users\dmitriy.murov\Downloads\TriblerDownloads\Test1\Серия - «Военная фантастика»\Моя война (Виктор Мишин)\01. Выжить вопреки.fb2,Виктор Мишин,Мишин Виктор,folder_dataset,,,,Выжить вопреки,sf_action
C:\Users\dmitriy.murov\Downloads\TriblerDownloads\Test1\Серия - «Военная фантастика»\Моя война (Виктор Мишин)\02. Испытания.fb2,Виктор Мишин,Мишин Виктор,folder_dataset,,,,Моя война. Испытания,sf_action
C:\Users\dmitriy.murov\Downloads\TriblerDownloads\Test1\Серия - «Военная фантастика»\Моя война (Виктор Мишин)\03. Чужой.fb2,Виктор Мишин,Мишин Виктор,folder_dataset,,,,Моя война. Чужой,sf_action
C:\Users\dmitriy.murov\Downloads\TriblerDownloads\Test1\Серия - «Военная фантастика»\На пути «Тайфуна» (Александр Калмыков)\1. На пути «Тайфуна».fb2,Александр Калмыков,Калмыков Александр,folder_dataset,,,,На пути «Тайфуна»,sf_action
C:\Users\dmitriy.murov\Downloads\TriblerDownloads\Test1\Серия - «Военная фантастика»\На пути «Тайфуна» (Александр Калмыков)\2. А теперь на Запад.fb2,Александр Калмыков,Калмыков Александр,folder_dataset,,,,А теперь на Запад,sf_history
C:\Users\dmitriy.murov\Downloads\TriblerDownloads\Test1\Серия - «Военная фантастика»\На пути «Тайфуна» (Александр Калмыков)\3. Жаркий декабрь.fb2,Александр Калмыков,Калмыков Александр,folder_dataset,,,,Жаркий декабрь,sf_action
C:\Users\dmitriy.murov\Downloads\TriblerDownloads\Test1\Серия - «Военная фантастика»\Нарвское шоссе (Сезин Сергей)\Нарвское шоссе 1. Нарвское шоссе.fb2,Сергей Сезин,Сезин Сергей,folder_dataset,,,,Нарвское шоссе,sf_action
C:\Users\dmitriy.murov\Downloads\TriblerDownloads\Test1\Серия - «Военная фантастика»\Нарвское шоссе (Сезин Сергей)\Нарвское шоссе 2. Дорога через прошлое.fb2,Сергей Сезин,Сезин Сергей,folder_dataset,,,,Дорога через прошлое,popadancy
"C:\Users\dmitriy.murov\Downloads\TriblerDownloads\Test1\Серия - «Военная фантастика»\Новый мир (Игорь Николаев, Евгений Белаш)\1. 1919.fb2",Игорь Николаев; Евгений Белаш,"Белаш Евгений, Николаев Игорь",folder_dataset,,,,1919,sf_history
"C:\Users\dmitriy.murov\Downloads\TriblerDownloads\Test1\Серия - «Военная фантастика»\Новый мир (Игорь Николаев, Евгений Белаш)\2. Новый мир (Соавт. Александр Столбиков).fb2",Александр Столбиков; Игорь Николаев,"Белаш Евгений, Николаев Игорь",folder_dataset,,,,Новый Мир,sf_history
"C:\Users\dmitriy.murov\Downloads\TriblerDownloads\Test1\Серия - «Военная фантастика»\Новый мир (Игорь Николаев, Евгений Белаш)\3. Война за империю.fb2",Игорь Николаев; Евгений Белаш,"Белаш Евгений, Николаев Игорь",folder_dataset,,,,Война за империю,sf_history
"C:\Users\dmitriy.murov\Downloads\TriblerDownloads\Test1\Серия - «Военная фантастика»\Операция «Гроза плюс» (А.Михайловский, А.Харников)\1. «Гроза» против «Барбароссы».fb2",Александр Харников; Александр Михайловский,"Михайловский Александр, Харников Александр",folder_dataset,,,,«Гроза» против «Барбароссы»,sf_action
"C:\Users\dmitriy.murov\Downloads\TriblerDownloads\Test1\Серия - «Военная фантастика»\Операция «Гроза плюс» (А.Михайловский, А.Харников)\2. Самый трудный день.fb2",Александр Михайловский; Александр Харников,"Михайловский Александр, Харников Александр",folder_dataset,,,,Операция «Гроза плюс». Самый трудный день,popadanec
"C:\Users\dmitriy.murov\Downloads\TriblerDownloads\Test1\Серия - «Военная фантастика»\Операция «Гроза плюс» (А.Михайловский, А.Харников)\3. Победителей не судят (СИ).fb2",Юлия Маркова; Александр Михайловский,"Михайловский Александр, Харников Александр",folder_dataset,,,,Победителей не судят,sf_history
C:\Users\dmitriy.murov\Downloads\TriblerDownloads\Test1\Серия - «Военная фантастика»\Операция «Тайфун» (Михаил Алексеев)\1. Капкан для «Тайфуна».fb2,Михаил Алексеев,Алексеев Михаил,folder_dataset,,,,Капкан для «Тайфуна»,sf_history
C:\Users\dmitriy.murov\Downloads\TriblerDownloads\Test1\Серия - «Военная фантастика»\Операция «Тайфун» (Михаил Алексеев)\2. Стилет для «Тайфуна».fb2,Михаил Алексеев,Алексеев Михаил,folder_dataset,,,,Стилет для «Тайфуна»,sf_history
C:\Users\dmitriy.murov\Downloads\TriblerDownloads\Test1\Серия - «Военная фантастика»\Оружейник (Комбат Найтов)\1. Оружейник.fb2,Комбат Найтов,Комбат Найтов,folder_dataset,,,,Оружейник,sf_action
C:\Users\dmitriy.murov\Downloads\TriblerDownloads\Test1\Серия - «Военная фантастика»\Оружейник (Комбат Найтов)\2. Над Канадой небо синее… .fb2,Комбат Найтов,Комбат Найтов,folder_dataset,,,,Над Канадой небо синее…,popadanec
"C:\Users\dmitriy.murov\Downloads\TriblerDownloads\Test1\Серия - «Военная фантастика»\Офицер (Земляной Андрей, Борис Орлов)\1. Офицер.fb2",Андрей Земляной; Борис Орлов,"Земляной Андрей, Орлов Борис",folder_dataset,,,,Офицер,sf_action
"C:\Users\dmitriy.murov\Downloads\TriblerDownloads\Test1\Серия - «Военная фантастика»\Офицер (Земляной Андрей, Борис Орлов)\2. Тактик.fb2",Андрей Земляной; Борис Орлов,"Земляной Андрей, Орлов Борис",folder_dataset,,,,Тактик,sf_action
"C:\Users\dmitriy.murov\Downloads\TriblerDownloads\Test1\Серия - «Военная фантастика»\Офицер (Земляной Андрей, Борис Орлов)\3. Стратег.fb2",Андрей Земляной; Борис Орлов,"Земляной Андрей, Орлов Борис",folder_dataset,,,,Стратег,popadanec
C:\Users\dmitriy.murov\Downloads\TriblerDownloads\Test1\Серия - «Военная фантастика»\Петли времени (Владимир Контровский)\1. Дредноуты.fb2,Владимир Контровский,Контровский Владимир,folder_dataset,,,,Дредноуты,sf_history
C:\Users\dmitriy.murov\Downloads\TriblerDownloads\Test1\Серия - «Военная фантастика»\Петли времени (Владимир Контровский)\2. Авианосцы.fb2,Владимир Контровский,Контровский Владимир,folder_dataset,,,,Авианосцы,sf_history
C:\Users\dmitriy.murov\Downloads\TriblerDownloads\Test1\Серия - «Военная фантастика»\Петли времени (Владимир Контровский)\3. Ракетоносцы.fb2,Владимир Контровский,Контровский Владимир,folder_dataset,,,,Ракетоносцы. Адское пламя,sf_action
C:\Users\dmitriy.murov\Downloads\TriblerDownloads\Test1\Серия - «Военная фантастика»\Поднять перископ (Сергей Лысак)\1. Поднять перископ!.fb2,Сергей Лысак,Лысак Сергей,folder_dataset,,,,Поднять перископ,sf_history
C:\Users\dmitriy.murov\Downloads\TriblerDownloads\Test1\Серия - «Военная фантастика»\Поднять перископ (Сергей Лысак)\2.  У чужих берегов.fb2,Сергей Лысак,Лысак Сергей,folder_dataset,,,,У чужих берегов,sf_history
C:\Users\dmitriy.murov\Downloads\TriblerDownloads\Test1\Серия - «Военная фантастика»\Поднять перископ (Сергей Лысак)\3. Под Андреевским флагом.fb2,Сергей Лысак,Лысак Сергей,folder_dataset,,,,Под Андреевским флагом,sf_action
C:\Users\dmitriy.murov\Downloads\TriblerDownloads\Test1\Серия - «Военная фантастика»\Поднять перископ (Сергей Лысак)\4. Поднять перископ 4.fb2,Сергей Лысак,Лысак Сергей,folder_dataset,,,,ПОДНЯТЬ ПЕРИСКОП! Часть 4,sf_history
C:\Users\dmitriy.murov\Downloads\TriblerDownloads\Test1\Серия - «Военная фантастика»\Поднять перископ (Сергей Лысак)\5. Поднять перископ 5.fb2,Сергей Лысак,Лысак Сергей,folder_dataset,,,,Поднять перископ! часть 5,sf_history
C:\Users\dmitriy.murov\Downloads\TriblerDownloads\Test1\Серия - «Военная фантастика»\Попытка возврата (Владислав Конюшевский)\1. Попытка возврата.fb2,Владислав Конюшевский,Конюшевский Владислав,folder_dataset,,,,Попытка возврата,sf_history
C:\Users\dmitriy.murov\Downloads\TriblerDownloads\Test1\Серия - «Военная фантастика»\Попытка возврата (Владислав Конюшевский)\2. Все зависит от нас.fb2,Владислав Конюшевский,Конюшевский Владислав,folder_dataset,,,,Все зависит от нас,sf_history
C:\Users\dmitriy.murov\Downloads\TriblerDownloads\Test1\Серия - «Военная фантастика»\Попытка возврата (Владислав Конюшевский)\3. По эту сторону фронта.fb2,Владислав Конюшевский,Конюшевский Владислав,folder_dataset,,,,По эту сторону фронта,sf_history
C:\Users\dmitriy.murov\Downloads\TriblerDownloads\Test1\Серия - «Военная фантастика»\Попытка возврата (Владислав Конюшевский)\4. Основная миссия.fb2,Владислав Конюшевский,Конюшевский Владислав,folder_dataset,,,,Основная миссия,sf_history
C:\Users\dmitriy.murov\Downloads\TriblerDownloads\Test1\Серия - «Военная фантастика»\Последняя черта (Николай Марчук)\1. Последняя черта.fb2,Семен Кожанов,Марчук Николай,folder_dataset,,,,Последняя черта,sf_action
C:\Users\dmitriy.murov\Downloads\TriblerDownloads\Test1\Серия - «Военная фантастика»\Последняя черта (Николай Марчук)\2. Своих не сдаем!.fb2,Николай Марчук,Марчук Николай,folder_dataset,,,,Своих не сдаем!,sf_action
C:\Users\dmitriy.murov\Downloads\TriblerDownloads\Test1\Серия - «Военная фантастика»\Проект «Орлан» (Александр Плетнев)\1. Одинокий рейд.fb2,Александр Плетнёв,Плетнев Александр,folder_dataset,,,,Одинокий рейд,popadanec
C:\Users\dmitriy.murov\Downloads\TriblerDownloads\Test1\Серия - «Военная фантастика»\Проект «Орлан» (Александр Плетнев)\2. Курс на прорыв.fb2,Александр Плетнёв,Плетнев Александр,folder_dataset,,,,Курс на прорыв,sf_action
C:\Users\dmitriy.murov\Downloads\TriblerDownloads\Test1\Серия - «Военная фантастика»\Проект «Орлан» (Александр Плетнев)\3. Фактор умолчания.fb2,Александр Плетнёв,Плетнев Александр,folder_dataset,,,,Фактор умолчания,sf_action
C:\Users\dmitriy.murov\Downloads\TriblerDownloads\Test1\Серия - «Военная фантастика»\Проект «Орлан» (Александр Плетнев)\4. Цепкие лапы времени.fb2,Александр Плетнёв,Плетнев Александр,folder_dataset,,,,Цепкие лапы времени,sf_action
C:\Users\dmitriy.murov\Downloads\TriblerDownloads\Test1\Серия - «Военная фантастика»\Проект «Орлан» (Александр Плетнев)\5. Виражи эскалации.fb2,Александр Плетнёв,Плетнев Александр,folder_dataset,,,,Виражи эскалации,popadancy
C:\Users\dmitriy.murov\Downloads\TriblerDownloads\Test1\Серия - «Военная фантастика»\Проект «Орлан» (Александр Плетнев)\6. Выход на «Бис».fb2,Александр Плетнёв,Плетнев Александр,folder_dataset,,,,Выход на «бис»,popadancy
C:\Users\dmitriy.murov\Downloads\TriblerDownloads\Test1\Серия - «Военная фантастика»\Проект «Орлан» (Александр Плетнев)\7. «Бис»-исход.fb2,Александр Плетнёв,Плетнев Александр,folder_dataset,,,,«Бис»-исход,popadancy
C:\Users\dmitriy.murov\Downloads\TriblerDownloads\Test1\Серия - «Военная фантастика»\Ретроград (Комбат Найтов)\1. Ретроград.fb2,Комбат Найтов,Комбат Найтов,folder_dataset,,,,Ретроград,sf_history
C:\Users\dmitriy.murov\Downloads\TriblerDownloads\Test1\Серия - «Военная фантастика»\Ретроград (Комбат Найтов)\2. Ретроград-2.fb2,Комбат Найтов,Комбат Найтов,folder_dataset,,,,Ретроград-2,sf_action
C:\Users\dmitriy.murov\Downloads\TriblerDownloads\Test1\Серия - «Военная фантастика»\Ретроград (Комбат Найтов)\3. Ретроград-3.fb2,Комбат Найтов,Комбат Найтов,folder_dataset,,,,Ретроград-3,sf_action
"C:\Users\dmitriy.murov\Downloads\TriblerDownloads\Test1\Серия - «Военная фантастика»\Русские своих не бросают (Александр Харников, Максим Дынин)\1. Балтийская рапсодия.fb2",Александр Харников,"Дынин Максим, Харников Александр",folder_dataset,,,,Балтийская рапсодия,sf_history
"C:\Users\dmitriy.murov\Downloads\TriblerDownloads\Test1\Серия - «Военная фантастика»\Русские своих не бросают (Александр Харников, Максим Дынин)\2. Севастопольский вальс .fb2",Александр Харников; Максим Дынин,"Дынин Максим, Харников Александр",folder_dataset,,,,Севастопольский вальс,popadanec
"C:\Users\dmitriy.murov\Downloads\TriblerDownloads\Test1\Серия - «Военная фантастика»\Русские своих не бросают (Александр Харников, Максим Дынин)\3. Дунайские волны.fb2",Александр Харников,"Дынин Максим, Харников Александр",folder_dataset,,,,Дунайские волны,sf_action
"C:\Users\dmitriy.murov\Downloads\TriblerDownloads\Test1\Серия - «Военная фантастика»\Русские своих не бросают (Александр Харников, Максим Дынин)\4. Турецкий марш .fb2",Александр Харников; Максим Дынин,"Дынин Максим, Харников Александр",folder_dataset,,,,Турецкий марш,sf_action
"C:\Users\dmitriy.murov\Downloads\TriblerDownloads\Test1\Серия - «Военная фантастика»\Русские своих не бросают (Александр Харников, Максим Дынин)\5. Вечерний Чарльстон.fb2",Максим Дынин; Александр Харников,"Дынин Максим, Харников Александр",folder_dataset,,,,Вечерний Чарльстон,popadancy
C:\Users\dmitriy.murov\Downloads\TriblerDownloads\Test1\Серия - «Военная фантастика»\Сегодня - позавчера (Храмов Виталий)\1. Сегодня - позавчера.fb2,Виталий Храмов,Храмов Виталий,folder_dataset,,,,Сегодня - позавчера. Книга 1,sf_action
C:\Users\dmitriy.murov\Downloads\TriblerDownloads\Test1\Серия - «Военная фантастика»\Сегодня - позавчера (Храмов Виталий)\2. Испытание огнем.fb2,Виталий Храмов,Храмов Виталий,folder_dataset,,,,Сегодня – позавчера. Испытание огнем,popadanec
C:\Users\dmitriy.murov\Downloads\TriblerDownloads\Test1\Серия - «Военная фантастика»\Сегодня - позавчера (Храмов Виталий)\3. Испытание сталью.fb2,Виталий Храмов,Храмов Виталий,folder_dataset,,,,Сегодня – позавчера. Испытание сталью,sf_action
C:\Users\dmitriy.murov\Downloads\TriblerDownloads\Test1\Серия - «Военная фантастика»\Сегодня - позавчера (Храмов Виталий)\4. Испытание временем.fb2,Виталий Храмов,Храмов Виталий,folder_dataset,,,,Испытание временем,sf_action
C:\Users\dmitriy.murov\Downloads\TriblerDownloads\Test1\Серия - «Военная фантастика»\Сегодня - позавчера (Храмов Виталий)\5. Испытание вечностью.fb2,Виталий Храмов,Храмов Виталий,folder_dataset,,,,Сегодня – позавчера. Испытание вечностью,sf_history
C:\Users\dmitriy.murov\Downloads\TriblerDownloads\Test1\Серия - «Военная фантастика»\Секретный проект (Комбат Найтов)\1. Секретный проект.fb2,Комбат Найтов,Комбат Найтов,folder_dataset,,,,Секретный проект,sf_history
C:\Users\dmitriy.murov\Downloads\TriblerDownloads\Test1\Серия - «Военная фантастика»\Секретный проект (Комбат Найтов)\2. Тень Сталина.fb2,Комбат Найтов,Комбат Найтов,folder_dataset,,,,Тень Сталина,sf_history
C:\Users\dmitriy.murov\Downloads\TriblerDownloads\Test1\Серия - «Военная фантастика»\Секретный проект (Комбат Найтов)\3. Солнцепек.fb2,Комбат Найтов,Комбат Найтов,folder_dataset,,,,Солнцепёк (СИ),sf_history
C:\Users\dmitriy.murov\Downloads\TriblerDownloads\Test1\Серия - «Военная фантастика»\Сквозь тьму времен (Роман Злотников)\1. Экскурсия в ад.fb2,Роман Злотников,Злотников Роман,folder_dataset,,,,Экскурсия в ад,sf_action
C:\Users\dmitriy.murov\Downloads\TriblerDownloads\Test1\Серия - «Военная фантастика»\Солдат (Виктор Мишин)\1. Солдат.fb2,Виктор Мишин,Мишин Виктор,folder_dataset,,,,Солдат,sf_action
C:\Users\dmitriy.murov\Downloads\TriblerDownloads\Test1\Серия - «Военная фантастика»\Солдат (Виктор Мишин)\2. Превратности судьбы.fb2,Виктор Мишин,Мишин Виктор,folder_dataset,,,,Превратности судьбы,sf_action
C:\Users\dmitriy.murov\Downloads\TriblerDownloads\Test1\Серия - «Военная фантастика»\Солдат (Виктор Мишин)\3. Возвращение.fb2,Виктор Мишин,Мишин Виктор,folder_dataset,,,,Возвращение,sf_action
"C:\Users\dmitriy.murov\Downloads\TriblerDownloads\Test1\Серия - «Военная фантастика»\Сослагательное наклонение (М.Каштанов, С.Хорев)\1. Рождённый в сраженьях....fb2",Михаил Каштанов; Сергей Хорев,"Каштанов Михаил, Хорев Сергей",folder_dataset,,,,Рождённый в сраженьях...,sf_action
"C:\Users\dmitriy.murov\Downloads\TriblerDownloads\Test1\Серия - «Военная фантастика»\Сослагательное наклонение (М.Каштанов, С.Хорев)\2. Союз нерушимый.fb2",Сергей Хорев; Михаил Каштанов,"Каштанов Михаил, Хорев Сергей",folder_dataset,,,,Союз нерушимый (СИ),sf_action
C:\Users\dmitriy.murov\Downloads\TriblerDownloads\Test1\Серия - «Военная фантастика»\Стрелок (Михаил Михеев)\01. Стрелок.fb2,Михаил Михеев,Михеев Михаил,folder_dataset,,,,Стрелок,popadanec
C:\Users\dmitriy.murov\Downloads\TriblerDownloads\Test1\Серия - «Военная фантастика»\Стрелок (Михаил Михеев)\02. T-34.fb2,Михаил Михеев,Михеев Михаил,folder_dataset,,,,Т-34,sf_action
C:\Users\dmitriy.murov\Downloads\TriblerDownloads\Test1\Серия - «Военная фантастика»\Стрелок (Михаил Михеев)\03. Т-34. Крепость на колесах .fb2,Михаил Михеев,Михеев Михаил,folder_dataset,,,,Т-34. Крепость на колесах,sf_history
C:\Users\dmitriy.murov\Downloads\TriblerDownloads\Test1\Серия - «Военная фантастика»\Стрелок (Михаил Михеев)\04. Т-34. Время выбрало нас.fb2,Михаил Михеев,Михеев Михаил,folder_dataset,,,,Т-34. Время выбрало нас,popadancy
C:\Users\dmitriy.murov\Downloads\TriblerDownloads\Test1\Серия - «Военная фантастика»\Стрелок (Оченков Иван)\01. Путь на Балканы.fb2,Иван Оченков,Оченков Иван,folder_dataset,,,,Путь на Балканы,adv_history
C:\Users\dmitriy.murov\Downloads\TriblerDownloads\Test1\Серия - «Военная фантастика»\Стрелок (Оченков Иван)\02. Путь в террор.fb2,Иван Оченков,Оченков Иван,folder_dataset,,,,Стрелок. Путь в террор,sf_action
C:\Users\dmitriy.murov\Downloads\TriblerDownloads\Test1\Серия - «Военная фантастика»\Стрелок (Оченков Иван)\03. Путь в Туркестан.fb2,Иван Оченков,Оченков Иван,folder_dataset,,,,Стрелок. Путь в Туркестан,sf_action
C:\Users\dmitriy.murov\Downloads\TriblerDownloads\Test1\Серия - «Военная фантастика»\Стрелок (Оченков Иван)\04. Митральезы для Белого генерала.fb2,Иван Оченков,Оченков Иван,folder_dataset,,,,Митральезы для Белого генерала,popadancy
C:\Users\dmitriy.murov\Downloads\TriblerDownloads\Test1\Серия - «Военная фантастика»\Стрелок (Оченков Иван)\05. Несостоявшийся граф.fb2,Иван Оченков,Оченков Иван,folder_dataset,,,,Несостоявшийся граф,popadancy
C:\Users\dmitriy.murov\Downloads\TriblerDownloads\Test1\Серия - «Военная фантастика»\Суворовы (Владимир Поселягин)\3. Особист.fb2,Владимир Поселягин,Поселягин Владимир,folder_dataset,,,,Особист,sf_history
C:\Users\dmitriy.murov\Downloads\TriblerDownloads\Test1\Серия - «Военная фантастика»\Утро под Катовице (Ермаков Николай)\1. Утро под Катовице.fb2,Николай Ермаков,Ермаков Николай,folder_dataset,,,,Утро под Катовице. Книга 1,network_literature
C:\Users\dmitriy.murov\Downloads\TriblerDownloads\Test1\Серия - «Военная фантастика»\Утро под Катовице (Ермаков Николай)\2. Утро под Катовице 2.fb2,Николай Ермаков,Ермаков Николай,folder_dataset,,,,Утро под Катовице. Книга 2,network_literature
C:\Users\dmitriy.murov\Downloads\TriblerDownloads\Test1\Серия - «Военная фантастика»\Утро под Катовице (Ермаков Николай)\3. Утро под Катовице 3. Луна над Славутичем.fb2,Николай Ермаков,Ермаков Николай,folder_dataset,,,,Луна над Славутичем,network_literature
C:\Users\dmitriy.murov\Downloads\TriblerDownloads\Test1\Серия - «Военная фантастика»\Флагман флотилии (Игорь Сорокин)\1. Выжить вопреки.fb2,Игорь Сорокин,Сорокин Игорь,folder_dataset,,,,Флагман флотилии. Выжить вопреки (litres),popadanec
C:\Users\dmitriy.murov\Downloads\TriblerDownloads\Test1\Серия - «Военная фантастика»\Флагман флотилии (Игорь Сорокин)\2. Тендеровский узел.fb2,Игорь Сорокин,Сорокин Игорь,folder_dataset,,,,Тендровский узел,sf_action
C:\Users\dmitriy.murov\Downloads\TriblerDownloads\Test1\Серия - «Военная фантастика»\Флагман флотилии (Игорь Сорокин)\3. Герои штрафбата.fb2,Игорь Сорокин,Сорокин Игорь,folder_dataset,,,,Герои штрафбата (СИ),popadancy
C:\Users\dmitriy.murov\Downloads\TriblerDownloads\Test1\Серия - «Военная фантастика»\Хронобаллистика (Александр Плетнев)\1. Последний довод павших или лепестки жёлтой хризантемы на воде.fb2,Александр Плетнёв,Плетнев Александр,folder_dataset,,,,Последний довод павших или лепестки жёлтой хризантемы на воде(СИ),sf
C:\Users\dmitriy.murov\Downloads\TriblerDownloads\Test1\Серия - «Военная фантастика»\Хронобаллистика (Александр Плетнев)\2. Линкоры.fb2,Александр Плетнёв,Плетнев Александр,folder_dataset,,,,Линкоры,sf_action
C:\Users\dmitriy.murov\Downloads\TriblerDownloads\Test1\Серия - «Военная фантастика»\Цусима (Романов Герман)\Романов Герман - Цусима 1. Горе побежденным.fb2,Герман Романов,Романов Герман,folder_dataset,,,,Горе побежденным,adv_maritime
C:\Users\dmitriy.murov\Downloads\TriblerDownloads\Test1\Серия - «Военная фантастика»\Цусима (Романов Герман)\Романов Герман - Цусима 2. Помни войну.fb2,Герман Романов,Романов Герман,folder_dataset,,,,«Помни войну»,adv_maritime
C:\Users\dmitriy.murov\Downloads\TriblerDownloads\Test1\Серия - «Военная фантастика»\Цусима (Романов Герман)\Романов Герман - Цусима 3. Не та война (СИ).fb2,Герман Романов,Романов Герман,folder_dataset,,,,Не та война,network_literature
C:\Users\dmitriy.murov\Downloads\TriblerDownloads\Test1\Серия - «Военная фантастика»\Цусимские хроники (Сергей Протасов)\1. Мы пришли.fb2,Сергей Протасов,Протасов Сергей,folder_dataset,,,,Цусимские хроники. Мы пришли,sf_history
C:\Users\dmitriy.murov\Downloads\TriblerDownloads\Test1\Серия - «Военная фантастика»\Цусимские хроники (Сергей Протасов)\2. Новые земли.fb2,Сергей Протасов,Протасов Сергей,folder_dataset,,,,Новые земли,sf_action
C:\Users\dmitriy.murov\Downloads\TriblerDownloads\Test1\Серия - «Военная фантастика»\Цусимские хроники (Сергей Протасов)\3. Чужие берега.fb2,Сергей Протасов,Протасов Сергей,folder_dataset,,,,Чужие берега,sf_action
C:\Users\dmitriy.murov\Downloads\TriblerDownloads\Test1\Серия - «Военная фантастика»\Цусимские хроники (Сергей Протасов)\4. Апперкот .fb2,Сергей Протасов,Протасов Сергей,folder_dataset,,,,Цусимские хроники. Апперкот,sf_history
C:\Users\dmitriy.murov\Downloads\TriblerDownloads\Test1\Серия - «Военная фантастика»\Цусимские хроники (Сергей Протасов)\5. На восток.fb2,Сергей Протасов,Протасов Сергей,folder_dataset,,,,На восток,popadancy
C:\Users\dmitriy.murov\Downloads\TriblerDownloads\Test1\Серия - «Военная фантастика»\Цусимские хроники (Сергей Протасов)\6. Перелом.fb2,Сергей Протасов,Протасов Сергей,folder_dataset,,,,Перелом,popadancy
C:\Users\dmitriy.murov\Downloads\TriblerDownloads\Test1\Серия - «Военная фантастика»\Цусимские хроники (Сергей Протасов)\7. Не тихий Тихий океан.fb2,Сергей Протасов,Протасов Сергей,folder_dataset,,,,Не тихий Тихий океан,popadancy
"C:\Users\dmitriy.murov\Downloads\TriblerDownloads\Test1\Серия - «Военная фантастика»\Цусимские хроники (Сергей Протасов)\8. Нам бы день простоять, да ночь продержаться!.fb2",Сергей Протасов,Протасов Сергей,folder_dataset,,,,"Нам бы день простоять, да ночь продержаться!",sf_history
C:\Users\dmitriy.murov\Downloads\TriblerDownloads\Test1\Серия - «Военная фантастика»\Чекист (Комбат Найтов)\1. В небе только девушки! И…я.fb2,Комбат Найтов,Комбат Найтов,folder_dataset,,,,В небе только девушки! И…я,sf_history
"C:\Users\dmitriy.murov\Downloads\TriblerDownloads\Test1\Серия - «Военная фантастика»\Чекист (Комбат Найтов)\2. Мы взлетали, как утки….fb2",Комбат Найтов,Комбат Найтов,folder_dataset,,,,"Мы взлетали, как утки…",sf_action
C:\Users\dmitriy.murov\Downloads\TriblerDownloads\Test1\Серия - «Военная фантастика»\Чекист (Комбат Найтов)\3. Чекист.fb2,Комбат Найтов,Комбат Найтов,folder_dataset,,,,Чекист,sf_action
C:\Users\dmitriy.murov\Downloads\TriblerDownloads\Test1\Серия - «Военная фантастика»\Шанс для истребителя (Колмаков Владислав)\1. Шанс для истребителя.fb2,Владислав Колмаков,Колмаков Владислав,folder_dataset,,,,Шанс для истребителя,popadancy
C:\Users\dmitriy.murov\Downloads\TriblerDownloads\Test1\Серия - «Военная фантастика»\Шанс для истребителя (Колмаков Владислав)\2. Шанс для истребителя. Битва за Британию.fb2,Владислав Колмаков,Колмаков Владислав,folder_dataset,,,,Битва за Британию,popadancy
C:\Users\dmitriy.murov\Downloads\TriblerDownloads\Test1\Серия - «Военная фантастика»\Шанс для истребителя (Колмаков Владислав)\3. Шанс для истребителя. Тихий океан.fb2,Владислав Колмаков,Колмаков Владислав,folder_dataset,,,,Тихий океан,sf_action
C:\Users\dmitriy.murov\Downloads\TriblerDownloads\Test1\Серия - «Военная фантастика»\Эсминцы и коса смерти (Ангелов Августин)\1. Эсминцы. Коса смерти.fb2,Августин Ангелов,Ангелов Августин,folder_dataset,,,,Эсминцы. Коса смерти,popadancy
C:\Users\dmitriy.murov\Downloads\TriblerDownloads\Test1\Серия - «Военная фантастика»\Южный фронт Третьей Мировой (Марчук Николай)\1. Доброволец.fb2,Николай Марчук,Марчук Николай,folder_dataset,,,,Доброволец,sf_action
C:\Users\dmitriy.murov\Downloads\TriblerDownloads\Test1\Серия - «Военная фантастика»\Южный фронт Третьей Мировой (Марчук Николай)\2. Мститель.fb2,Николай Марчук,Марчук Николай,folder_dataset,,,,Мститель,sf_action
C:\Users\dmitriy.murov\Downloads\TriblerDownloads\Test1\Серия - «Военная фантастика»\Суворовы (Владимир Поселягин)\1. Истребители\1. Я - истребитель.fb2,Владимир  Поселягин,Поселягин Владимир,folder_dataset,,,,Я – истребитель,sf_history
C:\Users\dmitriy.murov\Downloads\TriblerDownloads\Test1\Серия - «Военная фантастика»\Суворовы (Владимир Поселягин)\1. Истребители\2. Мы - истребители.fb2,Владимир Поселягин,Поселягин Владимир,folder_dataset,,,,Мы - истребители,sf_history
C:\Users\dmitriy.murov\Downloads\TriblerDownloads\Test1\Серия - «Военная фантастика»\Суворовы (Владимир Поселягин)\1. Истребители\3. Путь истребителя.fb2,Владимир Поселягин,Поселягин Владимир,folder_dataset,,,,Путь истребителя,sf_history
C:\Users\dmitriy.murov\Downloads\TriblerDownloads\Test1\Серия - «Военная фантастика»\Суворовы (Владимир Поселягин)\2. Танкист\1. Я – танкист.fb2,Владимир Поселягин,Поселягин Владимир,folder_dataset,,,,Я – танкист,sf_history
C:\Users\dmitriy.murov\Downloads\TriblerDownloads\Test1\Серия - «Военная фантастика»\Суворовы (Владимир Поселягин)\2. Танкист\2. Прорыв.fb2,Владимир Поселягин,Поселягин Владимир,folder_dataset,,,,Прорыв,sf_action
C:\Users\dmitriy.murov\Downloads\TriblerDownloads\Test1\Серия - «Военная фантастика»\Суворовы (Владимир Поселягин)\2. Танкист\3. Солдат.fb2,Владимир Поселягин,Поселягин Владимир,folder_dataset,,,,Солдат,sf_action
"C:\Users\dmitriy.murov\Downloads\TriblerDownloads\Test1\Серия - «Военная фантастика»\Ангелы в погонах (А.Михайловский, А.Харников)\1. Путь в Царьград\1. Путь в Царьград.fb2",Александр Харников; Александр Михайловский,"Михайловский Александр, Харников Александр",folder_dataset,,,,Путь в Царьград,sf_history
"C:\Users\dmitriy.murov\Downloads\TriblerDownloads\Test1\Серия - «Военная фантастика»\Ангелы в погонах (А.Михайловский, А.Харников)\1. Путь в Царьград\2. Афинский синдром.fb2",Александр Михайловский; Александр Харников,"Михайловский Александр, Харников Александр",folder_dataset,,,,Афинский синдром,sf_fantasy
"C:\Users\dmitriy.murov\Downloads\TriblerDownloads\Test1\Серия - «Военная фантастика»\Ангелы в погонах (А.Михайловский, А.Харников)\1. Путь в Царьград\3. Встречный марш.fb2",Александр Михайловский; Александр Харников,"Михайловский Александр, Харников Александр",folder_dataset,,,,Встречный марш,sf_history
"C:\Users\dmitriy.murov\Downloads\TriblerDownloads\Test1\Серия - «Военная фантастика»\Ангелы в погонах (А.Михайловский, А.Харников)\1. Путь в Царьград\4. Бремя русских.fb2",Александр Харников; Александр Михайловский,"Михайловский Александр, Харников Александр",folder_dataset,,,,Бремя русских,sf_action
"C:\Users\dmitriy.murov\Downloads\TriblerDownloads\Test1\Серия - «Военная фантастика»\Ангелы в погонах (А.Михайловский, А.Харников)\1. Путь в Царьград\5. Затишье перед бурей.fb2",Александр Харников; Александр Михайловский,"Михайловский Александр, Харников Александр",folder_dataset,,,,Затишье перед бурей,sf_action
"C:\Users\dmitriy.murov\Downloads\TriblerDownloads\Test1\Серия - «Военная фантастика»\Ангелы в погонах (А.Михайловский, А.Харников)\1. Путь в Царьград\6. Освобождение Ирландии .fb2",Александр Михайловский; Александр Харников,"Михайловский Александр, Харников Александр",folder_dataset,,,,Освобождение Ирландии,sf_history
"C:\Users\dmitriy.murov\Downloads\TriblerDownloads\Test1\Серия - «Военная фантастика»\Ангелы в погонах (А.Михайловский, А.Харников)\1. Путь в Царьград\7. Медаль за город Вашингтон».fb2",Александр Харников; Александр Михайловский,"Михайловский Александр, Харников Александр",folder_dataset,,,,Медаль за город Вашингтон,sf_history
"C:\Users\dmitriy.murov\Downloads\TriblerDownloads\Test1\Серия - «Военная фантастика»\Ангелы в погонах (А.Михайловский, А.Харников)\2. Варяг\1. Рандеву с «Варягом».fb2",Александр Михайловский; Александр Харников,"Михайловский Александр, Харников Александр",folder_dataset,,,,Рандеву с «Варягом»,sf_history
"C:\Users\dmitriy.murov\Downloads\TriblerDownloads\Test1\Серия - «Военная фантастика»\Ангелы в погонах (А.Михайловский, А.Харников)\2. Варяг\2. Петербургский рубеж.fb2",Александр Михайловский; Александр Харников,"Михайловский Александр, Харников Александр",folder_dataset,,,,Петербургский рубеж,sf_history
"C:\Users\dmitriy.murov\Downloads\TriblerDownloads\Test1\Серия - «Военная фантастика»\Ангелы в погонах (А.Михайловский, А.Харников)\2. Варяг\3. Мир царя Михаила.fb2",Александр Михайловский; Александр Харников,"Михайловский Александр, Харников Александр",folder_dataset,,,,Рандеву с «Варягом»,sf_history
"C:\Users\dmitriy.murov\Downloads\TriblerDownloads\Test1\Серия - «Военная фантастика»\Ангелы в погонах (А.Михайловский, А.Харников)\2. Варяг\4. Иным путём.fb2",Александр Михайловский; Александр Харников,"Михайловский Александр, Харников Александр",folder_dataset,,,,Иным путем,sf_action
"C:\Users\dmitriy.murov\Downloads\TriblerDownloads\Test1\Серия - «Военная фантастика»\Ангелы в погонах (А.Михайловский, А.Харников)\2. Варяг\5. Вихри враждебные.fb2",Александр Харников; Александр Михайловский,"Михайловский Александр, Харников Александр",folder_dataset,,,,Вихри враждебные,popadanec
"C:\Users\dmitriy.murov\Downloads\TriblerDownloads\Test1\Серия - «Военная фантастика»\Ангелы в погонах (А.Михайловский, А.Харников)\2. Варяг\6. Жаркая осень 1904 года.fb2",Александр Михайловский; Александр Харников,"Михайловский Александр, Харников Александр",folder_dataset,,,,Жаркая осень 1904 года,sf_action
"C:\Users\dmitriy.murov\Downloads\TriblerDownloads\Test1\Серия - «Военная фантастика»\Ангелы в погонах (А.Михайловский, А.Харников)\3. Однажды в октябре\1. Однажды в октябре.fb2",Александр Михайловский; Александр Харников,"Михайловский Александр, Харников Александр",folder_dataset,,,,Однажды в Октябре,sf_history
"C:\Users\dmitriy.murov\Downloads\TriblerDownloads\Test1\Серия - «Военная фантастика»\Ангелы в погонах (А.Михайловский, А.Харников)\3. Однажды в октябре\2. Время собирать камни.fb2",Александр Михайловский; Александр Харников,"Михайловский Александр, Харников Александр",folder_dataset,,,,Время собирать камни,sf_history
"C:\Users\dmitriy.murov\Downloads\TriblerDownloads\Test1\Серия - «Военная фантастика»\Ангелы в погонах (А.Михайловский, А.Харников)\3. Однажды в октябре\3. Вся власть советам!.fb2",Александр Харников; Александр Михайловский,"Михайловский Александр, Харников Александр",folder_dataset,,,,Вся власть советам!,sf_history
"C:\Users\dmitriy.murov\Downloads\TriblerDownloads\Test1\Серия - «Военная фантастика»\Ангелы в погонах (А.Михайловский, А.Харников)\3. Однажды в октябре\4. Непобедимая и легендарная.fb2",Александр Харников; Александр Михайловский,"Михайловский Александр, Харников Александр",folder_dataset,,,,Непобедимая и легендарная,sf_history
"C:\Users\dmitriy.murov\Downloads\TriblerDownloads\Test1\Серия - «Военная фантастика»\Ангелы в погонах (А.Михайловский, А.Харников)\3. Однажды в октябре\5. Призрак Великой смуты.fb2",Александр Михайловский; Александр Харников,"Михайловский Александр, Харников Александр",folder_dataset,,,,Призрак Великой Смуты,sf_history
"C:\Users\dmitriy.murov\Downloads\TriblerDownloads\Test1\Серия - «Военная фантастика»\Ангелы в погонах (А.Михайловский, А.Харников)\3. Однажды в октябре\6. Ясный новый мир.fb2",Александр Харников; Александр Михайловский,"Михайловский Александр, Харников Александр",folder_dataset,,,,Ясный новый мир,popadanec
"C:\Users\dmitriy.murov\Downloads\TriblerDownloads\Test1\Серия - «Военная фантастика»\Ангелы в погонах (А.Михайловский, А.Харников)\4. Крымский излом\1. Крымский излом.fb2",Александр Михайловский; Александр Харников,"Михайловский Александр, Харников Александр",folder_dataset,,,,Крымский излом,sf_history
"C:\Users\dmitriy.murov\Downloads\TriblerDownloads\Test1\Серия - «Военная фантастика»\Ангелы в погонах (А.Михайловский, А.Харников)\4. Крымский излом\2. Прорыв на Донбасс.fb2",Александр Михайловский; Александр Харников,"Михайловский Александр, Харников Александр",folder_dataset,,,,Прорыв на Донбасс,sf_history
"C:\Users\dmitriy.murov\Downloads\TriblerDownloads\Test1\Серия - «Военная фантастика»\Ангелы в погонах (А.Михайловский, А.Харников)\4. Крымский излом\3. Ветер с востока.fb2",Александр Михайловский; Александр Харников,"Михайловский Александр, Харников Александр",folder_dataset,,,,Ветер с востока,sf_history
"C:\Users\dmitriy.murov\Downloads\TriblerDownloads\Test1\Серия - «Военная фантастика»\Ангелы в погонах (А.Михайловский, А.Харников)\4. Крымский излом\4. Брянский капкан.fb2",Александр Михайловский; Александр Харников,"Михайловский Александр, Харников Александр",folder_dataset,,,,Брянский капкан,sf_history
"C:\Users\dmitriy.murov\Downloads\TriblerDownloads\Test1\Серия - «Военная фантастика»\Ангелы в погонах (А.Михайловский, А.Харников)\4. Крымский излом\5. Коренной перелом.fb2",Александр Михайловский; Александр Харников,"Михайловский Александр, Харников Александр",folder_dataset,,,,Коренной перелом,sf_action
